numero_archivo;id;nombre;contador_interno;palabra_clave;categoria;fragmento;posicion_inicio;posicion_fin;inicio_fragmento;fin_fragmento
1;538118;Embargo - usuario;1;decretado el embargo;Datos_Embargado;decretado el EMBARGO sobre los fondos que tenga la parte demandada en autos, NAHUEL OSCAR MARQUEZ, DNI 33.470.065, así como los que en el futuro puedan ingresarse, excepto que se trate de cuenta sueldo (art. 147 de Ley de Contrato de Trabajo), hasta cubrir las sumas de PESOS CIENTO OCHO MIL TRESCIENTOS TREINTA Y DOS CON CINCUENTA CENTAVOS ($108.325,50), importe del crédito que se reclama en autos, con más la suma de ;1688;1708;1688;2108
1;538118;Embargo - usuario;2;sobre los fondos;Datos_Embargado;sobre los fondos que tenga la parte demandada en autos, NAHUEL OSCAR MARQUEZ, DNI 33.470.065, así como los que en el futuro puedan ingresarse, excepto que se trate de cuenta sueldo (art. 147 de Ley de Contrato de Trabajo), hasta cubrir las sumas de PESOS CIENTO OCHO MIL TRESCIENTOS TREINTA Y DOS CON CINCUENTA CENTAVOS ($108.325,50), importe del crédito que se reclama en autos, con más la suma de PESOS OCHENTA Y U;1709;1725;1709;2125
1;538118;Embargo - usuario;3;hasta cubrir las sumas;Montos;"hasta cubrir las sumas de PESOS CIENTO OCHO MIL TRESCIENTOS TREINTA Y DOS CON CINCUENTA CENTAVOS ($108.325,50), importe del crédito que se reclama en autos, con más la suma de PESOS OCHENTA Y UN MIL DOSCIENTOS CUARENTA Y NUEVE ($81.249) fijada provisoriamente para responder a intereses y costas del juicio.
La cantidad indicada deberá ser depositada en el plazo de cinco días en la cuenta judicial en pesos N° 027-923540/";1932;1954;1932;2354
1;538118;Embargo - usuario;4;hasta cubrir;Montos;"hasta cubrir las sumas de PESOS CIENTO OCHO MIL TRESCIENTOS TREINTA Y DOS CON CINCUENTA CENTAVOS ($108.325,50), importe del crédito que se reclama en autos, con más la suma de PESOS OCHENTA Y UN MIL DOSCIENTOS CUARENTA Y NUEVE ($81.249) fijada provisoriamente para responder a intereses y costas del juicio.
La cantidad indicada deberá ser depositada en el plazo de cinco días en la cuenta judicial en pesos N° 0";1932;1944;1932;2344
1;538118;Embargo - usuario;5;cuenta judicial;Cuenta_depositar;"cuenta judicial en pesos N° 027-923540/3, CBU 0140136927509992354032, CUIT 30-70721665-0, en el Banco de la Provincia de Buenos Aires, Sucursal Tribunales de SAN ISIDRO: a nombre de estos autos y a la orden de este Juzgado.
Los autos que ordenan la medida en su parte pertinente dicen:
1. ""San Isidro, 27 de Noviembre de 2024... De conformidad con lo solicitado, decretase el embargo solicitado, sobre las sumas que";2315;2330;2315;2730
1;538118;Embargo - usuario;6;hasta cubrir las sumas;Montos;"hasta cubrir las sumas de PESOS CIENTO CUARENTA Y CINCO MIL OCHOCIENTOS VEINTISEIS CON 24/100 ($145.826,24), importe del crédito que se reclama en autos, con más la suma de PESOS SETENTA Y DOS MIL CON 0/100 ($72.000), que se presupuesta prima facie para responder a intereses y costas del juicio... Fco. PETRONE María Teresa - JUEZ""

2. ""San Isidro, 20 de Agosto de 2025... FALLO: mandando llevar adelante la ejecución has";3151;3173;3151;3573
1;538118;Embargo - usuario;7;hasta cubrir;Montos;"hasta cubrir las sumas de PESOS CIENTO CUARENTA Y CINCO MIL OCHOCIENTOS VEINTISEIS CON 24/100 ($145.826,24), importe del crédito que se reclama en autos, con más la suma de PESOS SETENTA Y DOS MIL CON 0/100 ($72.000), que se presupuesta prima facie para responder a intereses y costas del juicio... Fco. PETRONE María Teresa - JUEZ""

2. ""San Isidro, 20 de Agosto de 2025... FALLO: mandando llevar adelante la eje";3151;3163;3151;3563
1;538118;Embargo - usuario;8;decretase embargo sobre;Datos_Embargado;décretase embargo sobre las sumas que se encuentren depositadas en la cuenta de MERCADO PAGO, siempre que la misma pertenezca al ejecutado, y/o sobre cualquier otra suma que le pertenezca al mismo, excepto que se trate de cuenta sueldo (art. 147 de Ley de Contrato de Trabajo), hasta cubrir las sumas de PESOS CIENTO OCHO MIL TRESCIENTOS TREINTA Y DOS CON 50/100 ($108.332,50), importe del crédito que se reclama en autos, ;4250;4273;4250;4673
1;538118;Embargo - usuario;9;decrétase embargo;Datos_Embargado;décretase embargo sobre las sumas que se encuentren depositadas en la cuenta de MERCADO PAGO, siempre que la misma pertenezca al ejecutado, y/o sobre cualquier otra suma que le pertenezca al mismo, excepto que se trate de cuenta sueldo (art. 147 de Ley de Contrato de Trabajo), hasta cubrir las sumas de PESOS CIENTO OCHO MIL TRESCIENTOS TREINTA Y DOS CON 50/100 ($108.332,50), importe del crédito que se reclama en a;4250;4267;4250;4667
1;538118;Embargo - usuario;10;hasta cubrir las sumas;Montos;hasta cubrir las sumas de PESOS CIENTO OCHO MIL TRESCIENTOS TREINTA Y DOS CON 50/100 ($108.332,50), importe del crédito que se reclama en autos, con mas la suma de PESOS OCHENTA Y UN MIL DOSCIENTOS CUARENTA Y NUEVE CON 0/100 ($81.249), que se presupuesta prima facie para responder a intereses y costas del juicio. Haciéndose saber a la entidad oficiada, que en el término de cinco días de efectivizada la medida cautelar ;4528;4550;4528;4950
1;538118;Embargo - usuario;11;hasta cubrir;Montos;hasta cubrir las sumas de PESOS CIENTO OCHO MIL TRESCIENTOS TREINTA Y DOS CON 50/100 ($108.332,50), importe del crédito que se reclama en autos, con mas la suma de PESOS OCHENTA Y UN MIL DOSCIENTOS CUARENTA Y NUEVE CON 0/100 ($81.249), que se presupuesta prima facie para responder a intereses y costas del juicio. Haciéndose saber a la entidad oficiada, que en el término de cinco días de efectivizada la medida;4528;4540;4528;4940
2;538084;Embargo - usuario;1;trabese embargo;Datos_Embargado;trabese embargo por la suma de PESOS TREINTA MIL ($ 30.000) con más la de PESOS DOCE MIL ($12.000) que se presuponen para responder a intereses, costos y costas del presente juicio, a cuyo fin, líbrese el correspondiente oficio al Banco Industrial a los fines de que retenga y transfiera las sumas mencionadas a la cuenta abierta a la orden de autos (arts. 34, 531 y ccds. del C.P.C.) (...) JUAREZ Patricia Noemi - ;2499;2514;2499;2914
2;538084;Embargo - usuario;2;por la suma;Montos;"por la suma de PESOS TREINTA MIL ($ 30.000) con más la de PESOS DOCE MIL ($12.000) que se presuponen para responder a intereses, costos y costas del presente juicio, a cuyo fin, líbrese el correspondiente oficio al Banco Industrial a los fines de que retenga y transfiera las sumas mencionadas a la cuenta abierta a la orden de autos (arts. 34, 531 y ccds. del C.P.C.) (...) JUAREZ Patricia Noemi - JUEZ""
Copias";2515;2526;2515;2926
2;538084;Embargo - usuario;3;proceder a embargar;Datos_Embargado;proceder a embargar los fondos que posea la Sra. MAZA ARIAS MERCEDES FATIMA, titular del Dni 32.630.518, en el presente o futuro en la billetera digital correspondiente a la plataforma de pagos virtuales denominada Mercado Pago, por la suma de PESOS CUARENTA Y DOS MIL ($ 42.000). Las sumas retenidas deberán ser depositadas en la cuenta Judicial en pesos Nº 927604/7 en la moneda solicitada, CBU 0140423827610292760475;2982;3001;2982;3401
2;538084;Embargo - usuario;4;por la suma;Montos;"por la suma de PESOS CUARENTA Y DOS MIL ($ 42.000). Las sumas retenidas deberán ser depositadas en la cuenta Judicial en pesos Nº 927604/7 en la moneda solicitada, CBU 0140423827610292760475, Sucursal 6102, CUIT Poder Judicial 30-70721665-0 del Banco de la Provincia de Buenos Aires

Se hace saber al destinatario que está firmado digitalmente y se le hace saber que el mecanismo para acceder a la presente es a";3211;3222;3211;3622
2;538084;Embargo - usuario;5;deberán ser depositadas;Cuenta_depositar;"deberán ser depositadas en la cuenta Judicial en pesos Nº 927604/7 en la moneda solicitada, CBU 0140423827610292760475, Sucursal 6102, CUIT Poder Judicial 30-70721665-0 del Banco de la Provincia de Buenos Aires

Se hace saber al destinatario que está firmado digitalmente y se le hace saber que el mecanismo para acceder a la presente es accediendo a un subsitio web de la SCBA (https:notificaciones.scba.gov.ar/verificar.a";3283;3306;3283;3706
2;538084;Embargo - usuario;6;cuenta judicial;Cuenta_depositar;"cuenta Judicial en pesos Nº 927604/7 en la moneda solicitada, CBU 0140423827610292760475, Sucursal 6102, CUIT Poder Judicial 30-70721665-0 del Banco de la Provincia de Buenos Aires

Se hace saber al destinatario que está firmado digitalmente y se le hace saber que el mecanismo para acceder a la presente es accediendo a un subsitio web de la SCBA (https:notificaciones.scba.gov.ar/verificar.aspx) e ingresar manual";3313;3328;3313;3728
3;495011;Embargo - usuario;1;ampliación del embargo;Datos_Embargado;ampliación del embargo sobre la cuenta de Mercado Pago del Sr. VINCI BRIAN EMMANUEL (D.N.I. N°34.436.998, CUIL 20-34436998-5) hasta cubrir la suma de PESOS QUINIENTOS OCHENTA Y NUEVE MIL TRESCIENTOS CUARENTA Y DOS CON 05/100 ($589.342,05). Asimismo, se hace saber que la suma retenida deberá depositarse en la cuenta abierta a nombre de la Sra. Micaela Yanina Rodino (D.N.I. N°34.652.957) en el Banco Provincia Caja de aho;1431;1453;1431;1853
3;495011;Embargo - usuario;2;embargo sobre la Cuenta;Datos_Embargado;embargo sobre la cuenta de Mercado Pago del Sr. VINCI BRIAN EMMANUEL (D.N.I. N°34.436.998, CUIL 20-34436998-5) hasta cubrir la suma de PESOS QUINIENTOS OCHENTA Y NUEVE MIL TRESCIENTOS CUARENTA Y DOS CON 05/100 ($589.342,05). Asimismo, se hace saber que la suma retenida deberá depositarse en la cuenta abierta a nombre de la Sra. Micaela Yanina Rodino (D.N.I. N°34.652.957) en el Banco Provincia Caja de ahorro 4001-546708/;1446;1469;1446;1869
3;495011;Embargo - usuario;3;hasta cubrir la suma;Montos;"hasta cubrir la suma de PESOS QUINIENTOS OCHENTA Y NUEVE MIL TRESCIENTOS CUARENTA Y DOS CON 05/100 ($589.342,05). Asimismo, se hace saber que la suma retenida deberá depositarse en la cuenta abierta a nombre de la Sra. Micaela Yanina Rodino (D.N.I. N°34.652.957) en el Banco Provincia Caja de ahorro 4001-546708/0, CBU: 0140001403400154670808, Alias: micabapro.
Se hace saber que en la contestación de oficio Nro 418428 ";1557;1577;1557;1977
3;495011;Embargo - usuario;4;hasta cubrir;Montos;"hasta cubrir la suma de PESOS QUINIENTOS OCHENTA Y NUEVE MIL TRESCIENTOS CUARENTA Y DOS CON 05/100 ($589.342,05). Asimismo, se hace saber que la suma retenida deberá depositarse en la cuenta abierta a nombre de la Sra. Micaela Yanina Rodino (D.N.I. N°34.652.957) en el Banco Provincia Caja de ahorro 4001-546708/0, CBU: 0140001403400154670808, Alias: micabapro.
Se hace saber que en la contestación de oficio Nro";1557;1569;1557;1969
3;495011;Embargo - usuario;5;cubrir la suma;Montos;"cubrir la suma de PESOS QUINIENTOS OCHENTA Y NUEVE MIL TRESCIENTOS CUARENTA Y DOS CON 05/100 ($589.342,05). Asimismo, se hace saber que la suma retenida deberá depositarse en la cuenta abierta a nombre de la Sra. Micaela Yanina Rodino (D.N.I. N°34.652.957) en el Banco Provincia Caja de ahorro 4001-546708/0, CBU: 0140001403400154670808, Alias: micabapro.
Se hace saber que en la contestación de oficio Nro 418428 ";1563;1577;1563;1977
3;495011;Embargo - usuario;6;depositarse en la cuenta;Cuenta_depositar;"depositarse en la cuenta abierta a nombre de la Sra. Micaela Yanina Rodino (D.N.I. N°34.652.957) en el Banco Provincia Caja de ahorro 4001-546708/0, CBU: 0140001403400154670808, Alias: micabapro.
Se hace saber que en la contestación de oficio Nro 418428 remitida por Ud. el 26 de noviembre de 2025, se ha aplicado la medida ordenada sobre un usuario incorrecto (con CUIT/DNI 34436988) cuando la medida a aplicarse es sobre l";1723;1747;1723;2147
3;495011;Embargo - usuario;7;hasta cubrir la suma;Montos;hasta cubrir la suma de PESOS QUINIENTOS OCHENTA Y NUEVE MIL TRESCIENTOS CUARENTA Y DOS CON 05/100 ($589.342,05) (correspondiente a la cuota del mes de Septiembre de 2025), decretase la ampliación del embargo oportunamente ordenado por la suma precedentemente indicada, sobre la cuenta que el demandado posea en la plataforma MERCADO PAGO S.A. debiendo depositarse las sumas obtenidas en la cuenta abierta a nombre de la;2790;2810;2790;3210
3;495011;Embargo - usuario;8;hasta cubrir;Montos;hasta cubrir la suma de PESOS QUINIENTOS OCHENTA Y NUEVE MIL TRESCIENTOS CUARENTA Y DOS CON 05/100 ($589.342,05) (correspondiente a la cuota del mes de Septiembre de 2025), decretase la ampliación del embargo oportunamente ordenado por la suma precedentemente indicada, sobre la cuenta que el demandado posea en la plataforma MERCADO PAGO S.A. debiendo depositarse las sumas obtenidas en la cuenta abierta a nomb;2790;2802;2790;3202
3;495011;Embargo - usuario;9;cubrir la suma;Montos;cubrir la suma de PESOS QUINIENTOS OCHENTA Y NUEVE MIL TRESCIENTOS CUARENTA Y DOS CON 05/100 ($589.342,05) (correspondiente a la cuota del mes de Septiembre de 2025), decretase la ampliación del embargo oportunamente ordenado por la suma precedentemente indicada, sobre la cuenta que el demandado posea en la plataforma MERCADO PAGO S.A. debiendo depositarse las sumas obtenidas en la cuenta abierta a nombre de la;2796;2810;2796;3210
3;495011;Embargo - usuario;10;ampliación del embargo;Datos_Embargado;ampliación del embargo oportunamente ordenado por la suma precedentemente indicada, sobre la cuenta que el demandado posea en la plataforma MERCADO PAGO S.A. debiendo depositarse las sumas obtenidas en la cuenta abierta a nombre de la Sra. Micaela Yanina Rodino en el Banco Provincia (Caja de ahorro: 4001-546708/0, CBU: 0140001403400154670808, Alias: micabapro, a cuyo fin oficíese (arts. 500, 503, 509 del Cód.citado). F;2976;2998;2976;3398
3;495011;Embargo - usuario;11;por la suma;Montos;por la suma precedentemente indicada, sobre la cuenta que el demandado posea en la plataforma MERCADO PAGO S.A. debiendo depositarse las sumas obtenidas en la cuenta abierta a nombre de la Sra. Micaela Yanina Rodino en el Banco Provincia (Caja de ahorro: 4001-546708/0, CBU: 0140001403400154670808, Alias: micabapro, a cuyo fin oficíese (arts. 500, 503, 509 del Cód.citado). Fecha, efectivícese la notificación ;3022;3033;3022;3433
4;534526;Embargo - Empleado;1;retencion;Montos;retención directa del 20 % de los haberes mensuales que perciba el Sr. BRAVO LUIS ALBERTO (DNI: 40770662), previa deducción de los descuentos de ley, con más las asignaciones familiares y ayuda escolar que pudiesen corresponder, en concepto de cuota alimentaria fijada en autos.- La retención aquí dispuesta se deberá efectivizar mensualmente y las sumas deberán ser depositadas en la Cuenta nº 027-1465147, C;1517;1526;1517;1926
4;534526;Embargo - Empleado;2;haberes mensuales que perciba;Datos_Embargado;haberes mensuales que perciba el Sr. BRAVO LUIS ALBERTO (DNI: 40770662), previa deducción de los descuentos de ley, con más las asignaciones familiares y ayuda escolar que pudiesen corresponder, en concepto de cuota alimentaria fijada en autos.- La retención aquí dispuesta se deberá efectivizar mensualmente y las sumas deberán ser depositadas en la Cuenta nº 027-1465147, CBU: 0140023-6 27506814651470 del Banco de la Provincia;1551;1580;1551;1980
4;534526;Embargo - Empleado;3;retencion;Montos;"retención aquí dispuesta se deberá efectivizar mensualmente y las sumas deberán ser depositadas en la Cuenta nº 027-1465147, CBU: 0140023-6 27506814651470 del Banco de la Provincia, Suc. Tribunal de Lomas de Zamora Anexo Tribunales y a nombre de estas actuaciones, CUIT del Poder Judicial Provincial (30-99913926-0).-

El auto que ordena la medida dice así: ""Banfield, fecha y firma en referencia.- Proveyendo";1800;1809;1800;2209
4;534526;Embargo - Empleado;4;deberán ser depositadas;Cuenta_depositar;"deberán ser depositadas en la Cuenta nº 027-1465147, CBU: 0140023-6 27506814651470 del Banco de la Provincia, Suc. Tribunal de Lomas de Zamora Anexo Tribunales y a nombre de estas actuaciones, CUIT del Poder Judicial Provincial (30-99913926-0).-

El auto que ordena la medida dice así: ""Banfield, fecha y firma en referencia.- Proveyendo a la presentación electrónica MEDIDA CAUTELAR - SOLICITA (234002216015184504) : En at";1872;1895;1872;2295
4;534526;Embargo - Empleado;5;retencion;Montos;retención directa del 20 % de los haberes mensuales que perciba el Sr.BRAVO LUIS ALBERTO , previa deducción de los descuentos de ley, con más las asignaciones familiares y ayuda escolar que pudiesen corresponder, en concepto de cuota alimentaria fijada en autos.- La cifra resultante deberá depositarse entre el 1 y 10 de cada mes en la cuenta bancaria abierta a tal fin en el Banco de la Provincia de Buenos ;2401;2410;2401;2810
4;534526;Embargo - Empleado;6;haberes mensuales que perciba;Datos_Embargado;haberes mensuales que perciba el Sr.BRAVO LUIS ALBERTO , previa deducción de los descuentos de ley, con más las asignaciones familiares y ayuda escolar que pudiesen corresponder, en concepto de cuota alimentaria fijada en autos.- La cifra resultante deberá depositarse entre el 1 y 10 de cada mes en la cuenta bancaria abierta a tal fin en el Banco de la Provincia de Buenos Aires, sucursal Tribunales de Lomas de Zamora (arg. ar;2435;2464;2435;2864
4;534526;Embargo - Empleado;7;retencion;Montos;"retención de haberes) podrá ser declarada solidariamente responsable del pago de la cuota alimentaria en cuestión conforme lo establece el art. 551 del CCyC (art. 3 y 27.4 CDN y art. 3 ley 26.061).- A cuyo fin, librese oficio a la empresa ""MELI LOG S.R.L. (30-71568605-4), "", en donde deberá constar el n° de cuenta, CBU (SCBA Ac. 3552/2011) y CUIT del Poder Judicial Provincial (30-99913926-0).- FDO MARIA JO";3246;3255;3246;3655
5;542996;Embargo - usuario;1;sobre los fondos;Datos_Embargado;"sobre los fondos que el demandado STIO MARIA AMELIA DNI 6551699 tenga depositados en MERCADO PAGO ASSET MANAGEMENT S.A hasta cubrir la suma indicadas de PESOS CUATRO MIL QUINIENTOS ($ 4.500), con más la de PESOS UN MIL OCHOCIENTOS CON 0/100;($1.800), que se presuponen ""prima facie"" para responder a intereses, costos y costas del juicio a cuyo fin librese cédula a través del Sistema BUS FEDERAL, a la firma MERCADO";2176;2192;2176;2592
5;542996;Embargo - usuario;2;hasta cubrir la suma;Montos;"hasta cubrir la suma indicadas de PESOS CUATRO MIL QUINIENTOS ($ 4.500), con más la de PESOS UN MIL OCHOCIENTOS CON 0/100;($1.800), que se presuponen ""prima facie"" para responder a intereses, costos y costas del juicio a cuyo fin librese cédula a través del Sistema BUS FEDERAL, a la firma MERCADO PAGO ASSET MANAGEMENT S.A, cuyo domicilio se encuentra en la Ciudad Autónoma de Buenos Aires, en calle Av. Caseros 3039, P";2295;2315;2295;2715
5;542996;Embargo - usuario;3;hasta cubrir;Montos;"hasta cubrir la suma indicadas de PESOS CUATRO MIL QUINIENTOS ($ 4.500), con más la de PESOS UN MIL OCHOCIENTOS CON 0/100;($1.800), que se presuponen ""prima facie"" para responder a intereses, costos y costas del juicio a cuyo fin librese cédula a través del Sistema BUS FEDERAL, a la firma MERCADO PAGO ASSET MANAGEMENT S.A, cuyo domicilio se encuentra en la Ciudad Autónoma de Buenos Aires, en calle Av. Caseros";2295;2307;2295;2707
5;542996;Embargo - usuario;4;cubrir la suma;Montos;"cubrir la suma indicadas de PESOS CUATRO MIL QUINIENTOS ($ 4.500), con más la de PESOS UN MIL OCHOCIENTOS CON 0/100;($1.800), que se presuponen ""prima facie"" para responder a intereses, costos y costas del juicio a cuyo fin librese cédula a través del Sistema BUS FEDERAL, a la firma MERCADO PAGO ASSET MANAGEMENT S.A, cuyo domicilio se encuentra en la Ciudad Autónoma de Buenos Aires, en calle Av. Caseros 3039, P";2301;2315;2301;2715
5;542996;Embargo - usuario;5;proceder a embargar;Datos_Embargado;"proceder a embargar los fondos que posea la Sra. STIO MARIA AMELIA, titular del Dni 6.551.699 , en el presente o futuro en la billetera digital correspondiente a la plataforma de pagos virtuales denominada Mercado Pago, por la suma de PESOS CINCO MIL TRESIENTOS ($ 5.300). Las sumas retenidas deberán ser depositadas en la cuenta Judicial en pesos N° 927995/9 en la moneda

solicitada, CBU 0140423827610292799598, del B";2912;2931;2912;3331
5;542996;Embargo - usuario;6;por la suma;Montos;"por la suma de PESOS CINCO MIL TRESIENTOS ($ 5.300). Las sumas retenidas deberán ser depositadas en la cuenta Judicial en pesos N° 927995/9 en la moneda

solicitada, CBU 0140423827610292799598, del Banco de la Provincia de Buenos Aires

Se hace saber al destinatario que está firmado digitalmente y se le hace saber que el mecanismo para acceder a la presente es accediendo a un sub sitio web de la SCBA (https:";3132;3143;3132;3543
5;542996;Embargo - usuario;7;deberán ser depositadas;Cuenta_depositar;"deberán ser depositadas en la cuenta Judicial en pesos N° 927995/9 en la moneda

solicitada, CBU 0140423827610292799598, del Banco de la Provincia de Buenos Aires

Se hace saber al destinatario que está firmado digitalmente y se le hace saber que el mecanismo para acceder a la presente es accediendo a un sub sitio web de la SCBA (https:notificaciones.scba.gov.ar/verificar.aspx) e ingresar manualmente al mismo o en su ca";3205;3228;3205;3628
5;542996;Embargo - usuario;8;cuenta judicial;Cuenta_depositar;"cuenta Judicial en pesos N° 927995/9 en la moneda

solicitada, CBU 0140423827610292799598, del Banco de la Provincia de Buenos Aires

Se hace saber al destinatario que está firmado digitalmente y se le hace saber que el mecanismo para acceder a la presente es accediendo a un sub sitio web de la SCBA (https:notificaciones.scba.gov.ar/verificar.aspx) e ingresar manualmente al mismo o en su caso ingresando el códig";3235;3250;3235;3650
6;538081;Embargo - usuario;1;trabese embargo;Datos_Embargado;trábese embargo sobre las sumas de dinero que tenga el ejecutado en su cuenta de Mercado Pago (Mercado Libre SRL) hasta cubrir las sumas supra indicadas, a cuyo fin Notifíquese. En este sentido, aclárese que: a) de contar la demandada con una o varias cuentas bancarias asociadas a la billetera virtual, previo a tratar el embargo sobre esta última deberá Mercado Pago (Mercado Libre SRL) comunicar al Juzgado los d;1770;1785;1770;2185
6;538081;Embargo - usuario;2;hasta cubrir las sumas;Montos;hasta cubrir las sumas supra indicadas, a cuyo fin Notifíquese. En este sentido, aclárese que: a) de contar la demandada con una o varias cuentas bancarias asociadas a la billetera virtual, previo a tratar el embargo sobre esta última deberá Mercado Pago (Mercado Libre SRL) comunicar al Juzgado los datos de las mismas a los fines de que la medida cautelar se haga efectiva sobre las cuentas bancarias en cuestión con ord;1884;1906;1884;2306
6;538081;Embargo - usuario;3;hasta cubrir;Montos;hasta cubrir las sumas supra indicadas, a cuyo fin Notifíquese. En este sentido, aclárese que: a) de contar la demandada con una o varias cuentas bancarias asociadas a la billetera virtual, previo a tratar el embargo sobre esta última deberá Mercado Pago (Mercado Libre SRL) comunicar al Juzgado los datos de las mismas a los fines de que la medida cautelar se haga efectiva sobre las cuentas bancarias en cuesti;1884;1896;1884;2296
6;538081;Embargo - usuario;4;deberán ser depositadas;Cuenta_depositar;"deberán ser depositadas en el Banco de la provincia de Buenos Aires - Sucursal Tribunales Local, a la orden de este Juzgado y como pertenecientes a estos actuados.
(...) TONTO Mariana Lucia - JUEZ.
Copias: NO

NOTA: Por el presente se le hace saber que deberá proceder a embargar los fondos que posea la Sra. BIERNVERT CLAUDIA CARINA, titular del Dni 27.164.468, en el presente o futuro en la billetera digital correspondie";2864;2887;2864;3287
6;538081;Embargo - usuario;5;proceder a embargar;Datos_Embargado;proceder a embargar los fondos que posea la Sra. BIERNVERT CLAUDIA CARINA, titular del Dni 27.164.468, en el presente o futuro en la billetera digital correspondiente a la plataforma de pagos virtuales denominada Mercado Pago, por la suma de PESOS UN MILLÓN TRESCIENTOS CINCUENTA MIL ($ 1.350.000). Las sumas retenidas deberán ser depositadas en la cuenta Judicial en pesos Nº 929530/2 en la moneda solicitada, CBU 0140;3124;3143;3124;3543
6;538081;Embargo - usuario;6;por la suma;Montos;"por la suma de PESOS UN MILLÓN TRESCIENTOS CINCUENTA MIL ($ 1.350.000). Las sumas retenidas deberán ser depositadas en la cuenta Judicial en pesos Nº 929530/2 en la moneda solicitada, CBU 0140423827610292953026, Sucursal 6102, CUIT Poder Judicial 30-70721665-0 del Banco de la Provincia de Buenos Aires

Para su conocimiento a continuación se transcriben los siguientes artículos:

ARTÍCULO 531° del Código Civi";3351;3362;3351;3762
6;538081;Embargo - usuario;7;deberán ser depositadas;Cuenta_depositar;"deberán ser depositadas en la cuenta Judicial en pesos Nº 929530/2 en la moneda solicitada, CBU 0140423827610292953026, Sucursal 6102, CUIT Poder Judicial 30-70721665-0 del Banco de la Provincia de Buenos Aires

Para su conocimiento a continuación se transcriben los siguientes artículos:

ARTÍCULO 531° del Código Civil y Comercial de la Provincia de Buenos Aires: Bienes en poder de un tercero. Si los bienes embargados s";3443;3466;3443;3866
6;538081;Embargo - usuario;8;cuenta judicial;Cuenta_depositar;"cuenta Judicial en pesos Nº 929530/2 en la moneda solicitada, CBU 0140423827610292953026, Sucursal 6102, CUIT Poder Judicial 30-70721665-0 del Banco de la Provincia de Buenos Aires

Para su conocimiento a continuación se transcriben los siguientes artículos:

ARTÍCULO 531° del Código Civil y Comercial de la Provincia de Buenos Aires: Bienes en poder de un tercero. Si los bienes embargados se encontraren en poder";3473;3488;3473;3888
7;524057;Embargo - usuario;1;cuenta judicial;Cuenta_depositar;"cuenta judicial de autos N°7136 027 5376808, CBU 0140025027713653768085, CUIT DEL PODER JUDICIAL 30-99913926-0, BANCO PROVINCIA.

Se deja constancia que deberá contestar el presente directamente al correo electrónico del Juzgado juzfam1-zc@jusbuenosaires.gov.ar.
El auto que ordena la presente medida es de fecha 30/06/2025 y en su parte pertinente reza: “Campana, en el día de la fecha de su firma digital.- De con";1433;1448;1433;1848
7;524057;Embargo - usuario;2;hasta cubrir;Montos;"hasta cubrir de forma global y provisoria las sumas de $ 700.000,-, decretáse embargo -en el porcentaje de ley- sobre la cuenta que tenga el demandado en MERCADO PAGO, debiendo dicha entidad depositar dichos montos en la cuenta N° 7136 027 5376808 CBU 0140025027713653768085 abierta en el Banco de la Provincia de Buenos Aires, sucursal Campana; a cuyo fin, librése oficio de estilo quedando la confección y dili";1877;1889;1877;2289
7;524057;Embargo - usuario;3;decrétase embargo;Datos_Embargado;"decretáse embargo -en el porcentaje de ley- sobre la cuenta que tenga el demandado en MERCADO PAGO, debiendo dicha entidad depositar dichos montos en la cuenta N° 7136 027 5376808 CBU 0140025027713653768085 abierta en el Banco de la Provincia de Buenos Aires, sucursal Campana; a cuyo fin, librése oficio de estilo quedando la confección y diligenciamiento a cargo de la interesada.- Leandro M. Cappello. Juez.” y “Ca";1945;1962;1945;2362
8;536725;Embargo - usuario;1;sobre los fondos;Datos_Embargado;sobre los fondos y/o sumas de dinero, presentes y futuras, que se encuentren en cuenta MIGUEL ANGEL SEGOVIA, DNI 36003333 - CUIL/CUIT: 2036003334, tanto depositadas y/o a percibir en la billettera virtual “MERCADO PAGO S.A.”, hasta cubrir la suma de PESOS CIEN MIL ($ 100.000), que se estima suficiente a los fines del presente juicio, debiendo subsistir el embargo decretado hasta cubrir totalmente tal importe. Las;1403;1419;1403;1819
8;536725;Embargo - usuario;2;hasta cubrir la suma;Montos;hasta cubrir la suma de PESOS CIEN MIL ($ 100.000), que se estima suficiente a los fines del presente juicio, debiendo subsistir el embargo decretado hasta cubrir totalmente tal importe. Las sumas embargadas deberán ser depositadas en la cuenta judicial Nro. 5374498 - SUC. 6598 - CBU: 0140482527659853744985 - CUIT: 36-70721665-0, abierta en el Banco de la Provincia de Buenos Aires, Sucursal Tribunales de San Nicolás,;1629;1649;1629;2049
8;536725;Embargo - usuario;3;hasta cubrir;Montos;hasta cubrir la suma de PESOS CIEN MIL ($ 100.000), que se estima suficiente a los fines del presente juicio, debiendo subsistir el embargo decretado hasta cubrir totalmente tal importe. Las sumas embargadas deberán ser depositadas en la cuenta judicial Nro. 5374498 - SUC. 6598 - CBU: 0140482527659853744985 - CUIT: 36-70721665-0, abierta en el Banco de la Provincia de Buenos Aires, Sucursal Tribunales de San ;1629;1641;1629;2041
8;536725;Embargo - usuario;4;cubrir la suma;Montos;cubrir la suma de PESOS CIEN MIL ($ 100.000), que se estima suficiente a los fines del presente juicio, debiendo subsistir el embargo decretado hasta cubrir totalmente tal importe. Las sumas embargadas deberán ser depositadas en la cuenta judicial Nro. 5374498 - SUC. 6598 - CBU: 0140482527659853744985 - CUIT: 36-70721665-0, abierta en el Banco de la Provincia de Buenos Aires, Sucursal Tribunales de San Nicolás,;1635;1649;1635;2049
8;536725;Embargo - usuario;5;hasta cubrir;Montos;"hasta cubrir totalmente tal importe. Las sumas embargadas deberán ser depositadas en la cuenta judicial Nro. 5374498 - SUC. 6598 - CBU: 0140482527659853744985 - CUIT: 36-70721665-0, abierta en el Banco de la Provincia de Buenos Aires, Sucursal Tribunales de San Nicolás, a nombre de estos autos y orden del proveyente.
Como recaudo, transcribo a continuación la providencia que ordena la medida y autoriza el pre";1779;1791;1779;2191
8;536725;Embargo - usuario;6;deberán ser depositadas;Cuenta_depositar;"deberán ser depositadas en la cuenta judicial Nro. 5374498 - SUC. 6598 - CBU: 0140482527659853744985 - CUIT: 36-70721665-0, abierta en el Banco de la Provincia de Buenos Aires, Sucursal Tribunales de San Nicolás, a nombre de estos autos y orden del proveyente.
Como recaudo, transcribo a continuación la providencia que ordena la medida y autoriza el presente: “San Nicolás, 18 de Febrero de 2026. A la presentación del 01/";1837;1860;1837;2260
8;536725;Embargo - usuario;7;cuenta judicial;Cuenta_depositar;"cuenta judicial Nro. 5374498 - SUC. 6598 - CBU: 0140482527659853744985 - CUIT: 36-70721665-0, abierta en el Banco de la Provincia de Buenos Aires, Sucursal Tribunales de San Nicolás, a nombre de estos autos y orden del proveyente.
Como recaudo, transcribo a continuación la providencia que ordena la medida y autoriza el presente: “San Nicolás, 18 de Febrero de 2026. A la presentación del 01/02/2026: Téngase prese";1867;1882;1867;2282
8;536725;Embargo - usuario;8;hasta cubrir la suma;Montos;hasta cubrir la suma de PESOS CIEN MIL ($ 100.000), que se estima suficiente a los fines del presente juicio, debiendo subsistir el embargo decretado hasta cubrir totalmente tal importe. Para su efectivización, librese oficio electrónico de estilo. Hágase saber a la entidad que las cantidades embargadas deberán ser depositadas en la cuenta judicial Nro. 5374498 - SUC. 6598 - CBU: 0140482527659853744985 - CUIT: 36-707;2643;2663;2643;3063
8;536725;Embargo - usuario;9;hasta cubrir;Montos;hasta cubrir la suma de PESOS CIEN MIL ($ 100.000), que se estima suficiente a los fines del presente juicio, debiendo subsistir el embargo decretado hasta cubrir totalmente tal importe. Para su efectivización, librese oficio electrónico de estilo. Hágase saber a la entidad que las cantidades embargadas deberán ser depositadas en la cuenta judicial Nro. 5374498 - SUC. 6598 - CBU: 0140482527659853744985 - CUIT;2643;2655;2643;3055
8;536725;Embargo - usuario;10;cubrir la suma;Montos;cubrir la suma de PESOS CIEN MIL ($ 100.000), que se estima suficiente a los fines del presente juicio, debiendo subsistir el embargo decretado hasta cubrir totalmente tal importe. Para su efectivización, librese oficio electrónico de estilo. Hágase saber a la entidad que las cantidades embargadas deberán ser depositadas en la cuenta judicial Nro. 5374498 - SUC. 6598 - CBU: 0140482527659853744985 - CUIT: 36-707;2649;2663;2649;3063
8;536725;Embargo - usuario;11;hasta cubrir;Montos;hasta cubrir totalmente tal importe. Para su efectivización, librese oficio electrónico de estilo. Hágase saber a la entidad que las cantidades embargadas deberán ser depositadas en la cuenta judicial Nro. 5374498 - SUC. 6598 - CBU: 0140482527659853744985 - CUIT: 36-70721665-0, abierta a nombre de estos autos y orden del Juzgado en el Banco de la Provincia de Buenos Aires, Sucursal Tribunales de San Nicolás. ;2793;2805;2793;3205
8;536725;Embargo - usuario;12;deberán ser depositadas;Cuenta_depositar;"deberán ser depositadas en la cuenta judicial Nro. 5374498 - SUC. 6598 - CBU: 0140482527659853744985 - CUIT: 36-70721665-0, abierta a nombre de estos autos y orden del Juzgado en el Banco de la Provincia de Buenos Aires, Sucursal Tribunales de San Nicolás. MARIA EUGENIA SORIANO, JUEZA EN LO CIVIL Y COMERCIAL”.
Se deja constancia que el presente oficio fue suscripto por firma digital en los términos de acuerdo 3997720 SC";2948;2971;2948;3371
8;536725;Embargo - usuario;13;cuenta judicial;Cuenta_depositar;"cuenta judicial Nro. 5374498 - SUC. 6598 - CBU: 0140482527659853744985 - CUIT: 36-70721665-0, abierta a nombre de estos autos y orden del Juzgado en el Banco de la Provincia de Buenos Aires, Sucursal Tribunales de San Nicolás. MARIA EUGENIA SORIANO, JUEZA EN LO CIVIL Y COMERCIAL”.
Se deja constancia que el presente oficio fue suscripto por firma digital en los términos de acuerdo 3997720 SCBA. El oficiado podrá ";2978;2993;2978;3393
9;536741;Embargo - usuario;1;sobre los fondos;Datos_Embargado;sobre los fondos presentes y futuros que tenga invertidos en cuotas partes del Fondo común de inversión Mercado Fondos administrado por Mercado Pago Asset Management S.A., el demandado en autos ROBERTO CARLOS LOBO, con DNI 21773000 a su nombre y fueran susceptibles de ser embargadas. - El embargo deberá trabarse hasta cubrir las sumas de $ 418,99 con más la suma de $15.000,00 que se presupuestan provisoriamente p;715;731;715;1131
9;536741;Embargo - usuario;2;hasta cubrir las sumas;Montos;"hasta cubrir las sumas de $ 418,99 con más la suma de $15.000,00 que se presupuestan provisoriamente para atender a las costas del proceso. -

Las sumas retenidas, deberán ser depositadas en la cuenta judicial L°708, F° 852, DV 9, con CBU 02900759-00227070808523, especialmente abierta al efecto en las actuaciones citadas y a la orden del Juez interviniente, en el Banco de la Ciudad de Buenos Aires, Sucursal Tribunales,";1029;1051;1029;1451
9;536741;Embargo - usuario;3;hasta cubrir;Montos;"hasta cubrir las sumas de $ 418,99 con más la suma de $15.000,00 que se presupuestan provisoriamente para atender a las costas del proceso. -

Las sumas retenidas, deberán ser depositadas en la cuenta judicial L°708, F° 852, DV 9, con CBU 02900759-00227070808523, especialmente abierta al efecto en las actuaciones citadas y a la orden del Juez interviniente, en el Banco de la Ciudad de Buenos Aires, Sucursal T";1029;1041;1029;1441
9;536741;Embargo - usuario;4;deberán ser depositadas;Cuenta_depositar;"deberán ser depositadas en la cuenta judicial L°708, F° 852, DV 9, con CBU 02900759-00227070808523, especialmente abierta al efecto en las actuaciones citadas y a la orden del Juez interviniente, en el Banco de la Ciudad de Buenos Aires, Sucursal Tribunales, CUIT N° 30-99903208-3, acreditando el depósito efectuado en el expediente, como así también el último domicilio registrado de la demandada. -

Se encuentran autoriz";1193;1216;1193;1616
9;536741;Embargo - usuario;5;cuenta judicial;Cuenta_depositar;"cuenta judicial L°708, F° 852, DV 9, con CBU 02900759-00227070808523, especialmente abierta al efecto en las actuaciones citadas y a la orden del Juez interviniente, en el Banco de la Ciudad de Buenos Aires, Sucursal Tribunales, CUIT N° 30-99903208-3, acreditando el depósito efectuado en el expediente, como así también el último domicilio registrado de la demandada. -

Se encuentran autorizados a diligenciar el ";1223;1238;1223;1638
9;536741;Embargo - usuario;6;por la suma;Montos;por la suma de $ 418,99 con más la suma de $15.000,00 que se presupuestan provisoriamente para atender a las costas del proceso, a cuyo fin librese oficio con firma electrónica (de corresponder mediante DEOX). Los fondos embargados se deberán transferir al Banco de depósitos Judiciales en una cuenta a nombre del Suscripto y como perteneciente a estas actuaciones (T°708 F°852 DV9), acreditando el depósito efe;2161;2172;2161;2572
10;524053;Embargo - usuario;1;cuentas que;Datos_Embargado;"cuentas que posea la Sra. HERRERA ANDREA JAQUELINA DNI 23.333.216, por la suma de PESOS TRESCIENTOS DIEZ MIL TRESCIENTOS NUEVE CON 65/100 ($ 310.309,65) en concepto de honorarios, con más la suma de PESOS CIEN MIL ($100.000), que se presupuestan ""prima facie"" para responder a intereses y costas del juicio, ascendiendo al monto de PESOS CUATROCIENTOS DIEZ MIL TRESCIENTOS NUEVE CON 65/100 ($410.309,65), los cu";1539;1550;1539;1950
10;524053;Embargo - usuario;2;por la suma;Montos;"por la suma de PESOS TRESCIENTOS DIEZ MIL TRESCIENTOS NUEVE CON 65/100 ($ 310.309,65) en concepto de honorarios, con más la suma de PESOS CIEN MIL ($100.000), que se presupuestan ""prima facie"" para responder a intereses y costas del juicio, ascendiendo al monto de PESOS CUATROCIENTOS DIEZ MIL TRESCIENTOS NUEVE CON 65/100 ($410.309,65), los cuales deberán ser depositados en la cuenta judicial de autos, N° de ";1606;1617;1606;2017
10;524053;Embargo - usuario;3;deberán ser depositados;Cuenta_depositar;"deberán ser depositados en la cuenta judicial de autos, N° de cuenta 5126 027-530407-6, CBU 0140044127512653040766, relacionada al CUIT del poder Judicial (30-70721665-0) Banco de Buenos Aires.

El auto que ordena la medida en su parte pertinente dice así: ""Moreno, 18 de agosto de 2025...De conformidad con lo solicitado y atento lo normado por los arts. 497 y ctes. del C.P.C.C., decretése embargo ejecutorio por las suma";1955;1978;1955;2378
10;524053;Embargo - usuario;4;cuenta judicial;Cuenta_depositar;"cuenta judicial de autos, N° de cuenta 5126 027-530407-6, CBU 0140044127512653040766, relacionada al CUIT del poder Judicial (30-70721665-0) Banco de Buenos Aires.

El auto que ordena la medida en su parte pertinente dice así: ""Moreno, 18 de agosto de 2025...De conformidad con lo solicitado y atento lo normado por los arts. 497 y ctes. del C.P.C.C., decretése embargo ejecutorio por las sumas de PESOS TRESCIENTOS";1985;2000;1985;2400
10;524053;Embargo - usuario;5;decrétese embargo;Datos_Embargado;"decretése embargo ejecutorio por las sumas de PESOS TRESCIENTOS DIEZ MIL TRESCIENTOS NUEVE CON 65/100 ($ 310.309,65) (discriminados de la siguiente manera: 7 juz de honorarios regulados a favor del Dr. FERNANDA MARISOL CABRERA por las tareas realizadas bajo la vigencia de la Ley 14.967, equivalentes a $ 295.533 conforme fuera referenciado ut supra; y $14.776,65 por aportes de ley) con más la suma de PESOS CIEN MIL";2337;2354;2337;2754
10;524053;Embargo - usuario;6;por las sumas;Montos;"por las sumas de PESOS TRESCIENTOS DIEZ MIL TRESCIENTOS NUEVE CON 65/100 ($ 310.309,65) (discriminados de la siguiente manera: 7 juz de honorarios regulados a favor del Dr. FERNANDA MARISOL CABRERA por las tareas realizadas bajo la vigencia de la Ley 14.967, equivalentes a $ 295.533 conforme fuera referenciado ut supra; y $14.776,65 por aportes de ley) con más la suma de PESOS CIEN MIL ($100.000), que se presu";2366;2379;2366;2779
10;524053;Embargo - usuario;7;depositarse en la cuenta;Cuenta_depositar;"depositarse en la cuenta a abrirse en el Banco de la Provincia de Bs. As. Sucursal Moreno, a la Orden del Juzgado y como pertenecientes a estos obrados, a tal fin librese Oficio...ACOSTA Gabriel Horacio. JUEZ."" y ""Moreno, 3 de febrero de 2026. Conforme lo peticionado, procedase a la traba del embargo ordenado con fecha 6/8/2025 sobre las cuentas de la demandada en la entidad indicada. A tal fin librese el oficio de estil";3048;3072;3048;3472
10;524053;Embargo - usuario;8;traba del embargo;Datos_Embargado;"traba del embargo ordenado con fecha 6/8/2025 sobre las cuentas de la demandada en la entidad indicada. A tal fin librese el oficio de estilo.- Hágase saber que la confección y diligenciamiento del mentado instrumento se encuentra a cargo del interesado (Art. 34 inc. 5 del CPCC). GABRIEL H. ACOSTA. JUEZ.""

Se hace saber que puede remitir la respuesta del presente al e-mail oficial del juzgado: juzfam2-mn@jusbuenos";3332;3349;3332;3749
11;546314;Embargo - usuario;1;sobre los fondos;Datos_Embargado;sobre los fondos de la cuenta de MERCADO PAGO del Sr. SILVA HERMINIO ISAUL ANTONIO, DNI 31973182, en la proporción de ley, hasta cubrir la suma de PESOS 379.971,9 (PESOS TRESCIENTOS SETENTA Y NUEVE MIL NOVECIENTOS SETENTA Y UNO CON NOVENTA CENTAVOS), EN CONCEPTO DE HONORARIOS correspondiente a capital ($ 345.429,0 ) y aportes de ley ($ 34.542,9) —conforme a los 9 Jus que se regularan en los autos certificados y c;1259;1275;1259;1675
11;546314;Embargo - usuario;2;hasta cubrir la suma;Montos;hasta cubrir la suma de PESOS 379.971,9 (PESOS TRESCIENTOS SETENTA Y NUEVE MIL NOVECIENTOS SETENTA Y UNO CON NOVENTA CENTAVOS), EN CONCEPTO DE HONORARIOS correspondiente a capital ($ 345.429,0 ) y aportes de ley ($ 34.542,9) —conforme a los 9 Jus que se regularan en los autos certificados y con más los intereses moratorios previstos en el artículo 552 del Código Civil y Comercial de la Nación (tasa activa que percibe;1382;1402;1382;1802
11;546314;Embargo - usuario;3;hasta cubrir;Montos;hasta cubrir la suma de PESOS 379.971,9 (PESOS TRESCIENTOS SETENTA Y NUEVE MIL NOVECIENTOS SETENTA Y UNO CON NOVENTA CENTAVOS), EN CONCEPTO DE HONORARIOS correspondiente a capital ($ 345.429,0 ) y aportes de ley ($ 34.542,9) —conforme a los 9 Jus que se regularan en los autos certificados y con más los intereses moratorios previstos en el artículo 552 del Código Civil y Comercial de la Nación (tasa activa que;1382;1394;1382;1794
11;546314;Embargo - usuario;4;cubrir la suma;Montos;cubrir la suma de PESOS 379.971,9 (PESOS TRESCIENTOS SETENTA Y NUEVE MIL NOVECIENTOS SETENTA Y UNO CON NOVENTA CENTAVOS), EN CONCEPTO DE HONORARIOS correspondiente a capital ($ 345.429,0 ) y aportes de ley ($ 34.542,9) —conforme a los 9 Jus que se regularan en los autos certificados y con más los intereses moratorios previstos en el artículo 552 del Código Civil y Comercial de la Nación (tasa activa que percibe;1388;1402;1388;1802
11;546314;Embargo - usuario;5;deberán ser depositadas;Cuenta_depositar;"deberán ser depositadas en la cuenta judicial n° 2050-027-0145920/0, CBU 0140114727205014592001, CUIT 30-70721665-0 a nombre de autos y a la orden de este Juzgado, del Banco de la Provincia de Buenos Aires, Sucursal 2050 Tribunales La Plata.

El auto de fecha 13 de mayo de 2025 que ordena la medida reza así: “……..La Plata, en la fecha de la firma digital. Tiéndese por promovido proceso de ejecución de honorarios. Confor";2127;2150;2127;2550
11;546314;Embargo - usuario;6;cuenta judicial;Cuenta_depositar;"cuenta judicial n° 2050-027-0145920/0, CBU 0140114727205014592001, CUIT 30-70721665-0 a nombre de autos y a la orden de este Juzgado, del Banco de la Provincia de Buenos Aires, Sucursal 2050 Tribunales La Plata.

El auto de fecha 13 de mayo de 2025 que ordena la medida reza así: “……..La Plata, en la fecha de la firma digital. Tiéndese por promovido proceso de ejecución de honorarios. Conforme lo normado por el a";2157;2172;2157;2572
11;546314;Embargo - usuario;7;sobre los fondos;Datos_Embargado;sobre los fondos de la cuenta de MERCADO PAGO del Sr. SILVA HERMINIO ISAUL ANTONIO, DNI 31973182, en la proporción de ley, hasta cubrir la suma de PESOS 379.971,9 (PESOS TRESCIENTOS SETENTA Y NUEVE MIL NOVECIENTOS SETENTA Y UNO CON NOVENTA CENTAVOS), EN CONCEPTO DE HONORARIOS correspondiente a capital ($ 345.429,0 ) y aportes de ley ($ 34.542,9) —conforme a los 9 Jus que se regularan en los autos certificados y c;2623;2639;2623;3039
11;546314;Embargo - usuario;8;hasta cubrir la suma;Montos;hasta cubrir la suma de PESOS 379.971,9 (PESOS TRESCIENTOS SETENTA Y NUEVE MIL NOVECIENTOS SETENTA Y UNO CON NOVENTA CENTAVOS), EN CONCEPTO DE HONORARIOS correspondiente a capital ($ 345.429,0 ) y aportes de ley ($ 34.542,9) —conforme a los 9 Jus que se regularan en los autos certificados y con más los intereses moratorios previstos en el artículo 552 del Código Civil y Comercial de la Nación (tasa activa que percibe;2746;2766;2746;3166
11;546314;Embargo - usuario;9;hasta cubrir;Montos;hasta cubrir la suma de PESOS 379.971,9 (PESOS TRESCIENTOS SETENTA Y NUEVE MIL NOVECIENTOS SETENTA Y UNO CON NOVENTA CENTAVOS), EN CONCEPTO DE HONORARIOS correspondiente a capital ($ 345.429,0 ) y aportes de ley ($ 34.542,9) —conforme a los 9 Jus que se regularan en los autos certificados y con más los intereses moratorios previstos en el artículo 552 del Código Civil y Comercial de la Nación (tasa activa que;2746;2758;2746;3158
11;546314;Embargo - usuario;10;cubrir la suma;Montos;cubrir la suma de PESOS 379.971,9 (PESOS TRESCIENTOS SETENTA Y NUEVE MIL NOVECIENTOS SETENTA Y UNO CON NOVENTA CENTAVOS), EN CONCEPTO DE HONORARIOS correspondiente a capital ($ 345.429,0 ) y aportes de ley ($ 34.542,9) —conforme a los 9 Jus que se regularan en los autos certificados y con más los intereses moratorios previstos en el artículo 552 del Código Civil y Comercial de la Nación (tasa activa que percibe;2752;2766;2752;3166
12;529383;Embargo - usuario;1;trabe embargo;Datos_Embargado;"trabe embargo sobre la cuenta que posee el Sr. OROZCO ERNESTO ARIEL D.N.I. N° 34.418.062, CUIL N° 20-34418062-2 en Mercado Pago hasta cubrir la suma de pesos setecientos veintidós mil trescientos veintiocho con cincuenta y cuatro centavos ($ 722.328,54), debiendo ser depositada en la cuenta de autos del BANCO DE LA PROVINCIA DE BUENOS AIRES, Sucursal Lanús, N° 5063-027-05324221, CBU: 0140035927506353242212.

E";1526;1539;1526;1939
12;529383;Embargo - usuario;2;embargo sobre la Cuenta;Datos_Embargado;"embargo sobre la cuenta que posee el Sr. OROZCO ERNESTO ARIEL D.N.I. N° 34.418.062, CUIL N° 20-34418062-2 en Mercado Pago hasta cubrir la suma de pesos setecientos veintidós mil trescientos veintiocho con cincuenta y cuatro centavos ($ 722.328,54), debiendo ser depositada en la cuenta de autos del BANCO DE LA PROVINCIA DE BUENOS AIRES, Sucursal Lanús, N° 5063-027-05324221, CBU: 0140035927506353242212.

El auto que orden";1532;1555;1532;1955
12;529383;Embargo - usuario;3;hasta cubrir la suma;Montos;"hasta cubrir la suma de pesos setecientos veintidós mil trescientos veintiocho con cincuenta y cuatro centavos ($ 722.328,54), debiendo ser depositada en la cuenta de autos del BANCO DE LA PROVINCIA DE BUENOS AIRES, Sucursal Lanús, N° 5063-027-05324221, CBU: 0140035927506353242212.

El auto que ordena la medida dice así en su parte pertinente: ""Lanús, 29 de diciembre de 2.025.- Proveyendo presentación electrónica MED";1654;1674;1654;2074
12;529383;Embargo - usuario;4;hasta cubrir;Montos;"hasta cubrir la suma de pesos setecientos veintidós mil trescientos veintiocho con cincuenta y cuatro centavos ($ 722.328,54), debiendo ser depositada en la cuenta de autos del BANCO DE LA PROVINCIA DE BUENOS AIRES, Sucursal Lanús, N° 5063-027-05324221, CBU: 0140035927506353242212.

El auto que ordena la medida dice así en su parte pertinente: ""Lanús, 29 de diciembre de 2.025.- Proveyendo presentación electró";1654;1666;1654;2066
12;529383;Embargo - usuario;5;cubrir la suma;Montos;"cubrir la suma de pesos setecientos veintidós mil trescientos veintiocho con cincuenta y cuatro centavos ($ 722.328,54), debiendo ser depositada en la cuenta de autos del BANCO DE LA PROVINCIA DE BUENOS AIRES, Sucursal Lanús, N° 5063-027-05324221, CBU: 0140035927506353242212.

El auto que ordena la medida dice así en su parte pertinente: ""Lanús, 29 de diciembre de 2.025.- Proveyendo presentación electrónica MED";1660;1674;1660;2074
12;529383;Embargo - usuario;6;depositada en la cuenta;Cuenta_depositar;"depositada en la cuenta de autos del BANCO DE LA PROVINCIA DE BUENOS AIRES, Sucursal Lanús, N° 5063-027-05324221, CBU: 0140035927506353242212.

El auto que ordena la medida dice así en su parte pertinente: ""Lanús, 29 de diciembre de 2.025.- Proveyendo presentación electrónica MEDIDA CAUTELAR-SOLICITA (240502836001718481) de fecha 01/12/2025: Conforme lo pedido y liquidación aprobada trátese embargo sobre la cuenta que p";1794;1817;1794;2217
12;529383;Embargo - usuario;7;embargo sobre la Cuenta;Datos_Embargado;embargo sobre la cuenta que posee el Sr. OROZCO ERNESTO ARIEL DNI 34418062 en Mercado Pago, hasta cubrir la suma de pesos setecientos veintidós mil trescientos veintiocho con cincuenta y cuatro centavos ($ 722.328,54), debiendo ser depositada en la cuenta de autos, a cuyo fin librese el correspondiente oficio a Mercado Pago, quedando la confección y diligenciamiento del mismo a cargo del peticionante. NOTIFIQUESE. DRA. ;2188;2211;2188;2611
12;529383;Embargo - usuario;8;hasta cubrir la suma;Montos;"hasta cubrir la suma de pesos setecientos veintidós mil trescientos veintiocho con cincuenta y cuatro centavos ($ 722.328,54), debiendo ser depositada en la cuenta de autos, a cuyo fin librese el correspondiente oficio a Mercado Pago, quedando la confección y diligenciamiento del mismo a cargo del peticionante. NOTIFIQUESE. DRA. JULIANA FAYANAS JUEZ"".

Artículo 394: Los informes que se soliciten a las oficinas públic";2280;2300;2280;2700
12;529383;Embargo - usuario;9;hasta cubrir;Montos;"hasta cubrir la suma de pesos setecientos veintidós mil trescientos veintiocho con cincuenta y cuatro centavos ($ 722.328,54), debiendo ser depositada en la cuenta de autos, a cuyo fin librese el correspondiente oficio a Mercado Pago, quedando la confección y diligenciamiento del mismo a cargo del peticionante. NOTIFIQUESE. DRA. JULIANA FAYANAS JUEZ"".

Artículo 394: Los informes que se soliciten a las oficina";2280;2292;2280;2692
12;529383;Embargo - usuario;10;cubrir la suma;Montos;"cubrir la suma de pesos setecientos veintidós mil trescientos veintiocho con cincuenta y cuatro centavos ($ 722.328,54), debiendo ser depositada en la cuenta de autos, a cuyo fin librese el correspondiente oficio a Mercado Pago, quedando la confección y diligenciamiento del mismo a cargo del peticionante. NOTIFIQUESE. DRA. JULIANA FAYANAS JUEZ"".

Artículo 394: Los informes que se soliciten a las oficinas públic";2286;2300;2286;2700
12;529383;Embargo - usuario;11;depositada en la cuenta;Cuenta_depositar;"depositada en la cuenta de autos, a cuyo fin librese el correspondiente oficio a Mercado Pago, quedando la confección y diligenciamiento del mismo a cargo del peticionante. NOTIFIQUESE. DRA. JULIANA FAYANAS JUEZ"".

Artículo 394: Los informes que se soliciten a las oficinas públicas, escribanos con registro y entidades privadas deberán versar sobre los hechos concretos, claramente individualizados, controvertidos en el p";2420;2443;2420;2843
13;538122;Embargo - usuario;1;decretado el embargo;Datos_Embargado;"decretado el EMBARGO sobre las sumas que la parte demandada: CLAUDIA ALEJANDRA MIRANDA, DNI 23.360.827 posea en cuentas de ""Mercado Pago"" (billetera virtual) y/o fondos invertidos en dicha entidad, hasta cubrir el importe del crédito que se reclama en autos de Pesos QUINIENTOS ONCE MIL CUATROCIENTOS CINCUENTA Y UNO CON 28/100 ($511.451,28), capital de autos con más la suma de Pesos DOSCIENTOS SESENTA MIL CON 0/100 ($";1579;1599;1579;1999
13;538122;Embargo - usuario;2;hasta cubrir;Montos;"hasta cubrir el importe del crédito que se reclama en autos de Pesos QUINIENTOS ONCE MIL CUATROCIENTOS CINCUENTA Y UNO CON 28/100 ($511.451,28), capital de autos con más la suma de Pesos DOSCIENTOS SESENTA MIL CON 0/100 ($260.000,00) que se presupuestan para responder a intereses y costas del juicio.
A tal efecto se le hace saber que deberá proceder a:
1. Trabajar embargo sobre las cuentas y/o fondos invertid";1777;1789;1777;2189
13;538122;Embargo - usuario;3;cuenta judicial;Cuenta_depositar;"cuenta judicial Nro. 027-521239/8, CBU 01400373-27718552123980, CUIT 30-70721665-0, del Banco de la Provincia de Buenos Aires - SUCURSAL 7185-PILAR, a nombre de autos y a la orden de este Juzgado, dentro del plazo de cinco (5) días de efectuada la retención.
4. La entidad embargante deberá informar y acreditar en autos el cumplimiento de lo ordenado en el plazo de 48 hs de realizado el depósito bajo apercibimien";2485;2500;2485;2900
13;538122;Embargo - usuario;4;retencion;Montos;"retención.
4. La entidad embargante deberá informar y acreditar en autos el cumplimiento de lo ordenado en el plazo de 48 hs de realizado el depósito bajo apercibimiento de aplicar MULTA (conf. art. 397 del C.P.C.C.) y comunicar la desobediencia a la Justicia en lo Penal (art. 239 del Cód. Penal).
Los autos que ordenan el presente en su parte pertinente dicen:
""Del Pilar, 18 de Julio de 2025... Atento lo m";2733;2742;2733;3142
13;538122;Embargo - usuario;5;por las sumas;Montos;"por las sumas de Pesos QUINIENTOS ONCE MIL CUATROCIENTOS CINCUENTA Y UNO CON 28/100 ($511.451,28)... con más la de Pesos DOSCIENTOS SESENTA MIL CON 0/100 ($260.000,00)... sobre las cuentas que la demandada posea en la entidad bancaria a oficiarse... siempre y cuando la misma se encuentre a nombre de la demandada y no sea una cuenta sueldo... Hágase saber que las sumas deberán ser

depositadas en el plazo de ci";3221;3234;3221;3634
13;538122;Embargo - usuario;6;cuentas que;Datos_Embargado;"cuentas que la demandada posea en la entidad bancaria a oficiarse... siempre y cuando la misma se encuentre a nombre de la demandada y no sea una cuenta sueldo... Hágase saber que las sumas deberán ser

depositadas en el plazo de cinco (5) días... bajo apercibimiento de aplicar MULTA (conf. art. 397 del C.P.C.C.) y comunicar la desobediencia a la Justicia en lo Penal (art. 239 del Cód. Penal). Fdo: CASTILLO ";3402;3413;3402;3813
13;538122;Embargo - usuario;7;cuentas que;Datos_Embargado;cuentas que la demandada posea en la entidad Mercado Libre SRL denunciada en el escrito a despacho, hasta cubrir los montos indicados en el proveído de fecha 17/2025 y por los conceptos allí referidos siempre y cuando la misma se encuentre a nombre de la demandada y no sea una cuenta sueldo. En caso que la cuenta sea del tipo sueldo la entidad oficiada deberá informar los datos del empleador/depositante. Lib;3973;3984;3973;4384
13;538122;Embargo - usuario;8;hasta cubrir;Montos;hasta cubrir los montos indicados en el proveído de fecha 17/2025 y por los conceptos allí referidos siempre y cuando la misma se encuentre a nombre de la demandada y no sea una cuenta sueldo. En caso que la cuenta sea del tipo sueldo la entidad oficiada deberá informar los datos del empleador/depositante. Librese oficio de estilo... La entidad embargante deberá informar y acreditar en autos el cumplimiento d;4073;4085;4073;4485
14;536721;Embargo - usuario;1;sobre los fondos;Datos_Embargado;"sobre los fondos y/o sumas de dinero, presentes y/o futuras, que el demandado MIGUEL MARCELO MEDINA, DNI 16289505 - CUJIL/CUIT: 201628950562, posea en la billetera virtual ""MERCADO PAGO S.A."", hasta cubrir totalmente la suma de PESOS DOSCIENTOS MIL ($ 200.000), que se estima suficiente a los fines del presente juicio, debiendo subsistir el embargo decretado hasta cubrir totalmente tal importe. Las cantidades emba";1419;1435;1419;1835
14;536721;Embargo - usuario;2;hasta cubrir;Montos;hasta cubrir totalmente la suma de PESOS DOSCIENTOS MIL ($ 200.000), que se estima suficiente a los fines del presente juicio, debiendo subsistir el embargo decretado hasta cubrir totalmente tal importe. Las cantidades embargadas deberán ser depositadas en la cuenta judicial N° 5561346/ - SUC 6598 - CBU: 014048252765985613465 - CUIT: 30-70721665-0, abierta en el Banco de la Provincia de Buenos Aires, Sucursal;1612;1624;1612;2024
14;536721;Embargo - usuario;3;hasta cubrir;Montos;"hasta cubrir totalmente tal importe. Las cantidades embargadas deberán ser depositadas en la cuenta judicial N° 5561346/ - SUC 6598 - CBU: 014048252765985613465 - CUIT: 30-70721665-0, abierta en el Banco de la Provincia de Buenos Aires, Sucursal Tribunales de San Nicolás, a nombre de estos autos y orden del proveyente.-
Como remando, transcribo a continuación la providencia que ordena la medida y autoriza el ";1779;1791;1779;2191
14;536721;Embargo - usuario;4;deberán ser depositadas;Cuenta_depositar;"deberán ser depositadas en la cuenta judicial N° 5561346/ - SUC 6598 - CBU: 014048252765985613465 - CUIT: 30-70721665-0, abierta en el Banco de la Provincia de Buenos Aires, Sucursal Tribunales de San Nicolás, a nombre de estos autos y orden del proveyente.-
Como remando, transcribo a continuación la providencia que ordena la medida y autoriza el presente: ""San Nicolás, 18 de Febrero de 2026. A la presentación del 28/01";1842;1865;1842;2265
14;536721;Embargo - usuario;5;cuenta judicial;Cuenta_depositar;"cuenta judicial N° 5561346/ - SUC 6598 - CBU: 014048252765985613465 - CUIT: 30-70721665-0, abierta en el Banco de la Provincia de Buenos Aires, Sucursal Tribunales de San Nicolás, a nombre de estos autos y orden del proveyente.-
Como remando, transcribo a continuación la providencia que ordena la medida y autoriza el presente: ""San Nicolás, 18 de Febrero de 2026. A la presentación del 28/01/2026. Téngase present";1872;1887;1872;2287
14;536721;Embargo - usuario;6;decrétase embargo;Datos_Embargado;decretase embargo ejecutorio sobre las cuentas virtuales de dinero, presentes y/o futuras, que el demandado MIGUEL MARCELO MEDINA, DNI 16289505 - CUJIL/CUIT: 201628950562, posea en la billetera virtual MERCADO PAGO S.A., hasta cubrir total de PESOS DOSCIENTOS MIL ($ 200.000), que se estima suficiente a los fines del presente juicio, debiendo subsistir el embargo decretado hasta cubrir totalmente tal importe. Para ;2413;2430;2413;2830
14;536721;Embargo - usuario;7;hasta cubrir;Montos;hasta cubrir total de PESOS DOSCIENTOS MIL ($ 200.000), que se estima suficiente a los fines del presente juicio, debiendo subsistir el embargo decretado hasta cubrir totalmente tal importe. Para su efectivización, libérese oficio electrónico de estilo. Hágase saber que las cantidades embargadas deberán ser depositadas en la cuenta judicial N° 5561346/ - SUC 6598 - CBU: 014048252765985613465 - CUIT: 30-707216;2634;2646;2634;3046
14;536721;Embargo - usuario;8;hasta cubrir;Montos;hasta cubrir totalmente tal importe. Para su efectivización, libérese oficio electrónico de estilo. Hágase saber que las cantidades embargadas deberán ser depositadas en la cuenta judicial N° 5561346/ - SUC 6598 - CBU: 014048252765985613465 - CUIT: 30-70721665-0 a nombre de autos y orden del Juzgado en el Banco de la Provincia de Buenos Aires Sucursal Tribunales de San Nicolás. MARIA EUGENIA SORMANI JUEZ EN L;2788;2800;2788;3200
14;536721;Embargo - usuario;9;deberán ser depositadas;Cuenta_depositar;"deberán ser depositadas en la cuenta judicial N° 5561346/ - SUC 6598 - CBU: 014048252765985613465 - CUIT: 30-70721665-0 a nombre de autos y orden del Juzgado en el Banco de la Provincia de Buenos Aires Sucursal Tribunales de San Nicolás. MARIA EUGENIA SORMANI JUEZ EN LO CIVIL Y COMERCIAL N° 4.-
Se deja constancia que el presente oficio fue suscrito y firmado digitalmente en los términos de acuerdo 3997/20 SCBA. El ofici";2931;2954;2931;3354
14;536721;Embargo - usuario;10;cuenta judicial;Cuenta_depositar;"cuenta judicial N° 5561346/ - SUC 6598 - CBU: 014048252765985613465 - CUIT: 30-70721665-0 a nombre de autos y orden del Juzgado en el Banco de la Provincia de Buenos Aires Sucursal Tribunales de San Nicolás. MARIA EUGENIA SORMANI JUEZ EN LO CIVIL Y COMERCIAL N° 4.-
Se deja constancia que el presente oficio fue suscrito y firmado digitalmente en los términos de acuerdo 3997/20 SCBA. El oficiado podrá verificar la";2961;2976;2961;3376
15;516904;Embargo - usuario;1;sobre los fondos;Datos_Embargado;"sobre los fondos presentes y futuros que tenga invertidos en cuotas partes del Fondo común de inversión Mercado Fondos administrado por Mercado Pago Asset Management S.A, el demandado en autos LAURA ESTELA FERNANDEZ, con D.N.I 20.371.813 a su nombre y fueran susceptibles de ser embargadas -con excepción de las que ingresaren en concepto de haberes.

El embargo deberá tratarse hasta cubrir las sumas de U$S 5.054.8";768;784;768;1184
15;516904;Embargo - usuario;2;hasta cubrir las sumas;Montos;"hasta cubrir las sumas de U$S 5.054.84, equivalente a $7.380.066,40 en concepto de saldo de capital, con

Poder Judicial de la Nación
Juzgado Comercial N° 8 - Secretaría N° 15

más la de U$S 1.200,00 equivalente a $1.752.000,00 según cotización del Banco Nación de fecha 10/12/2025 a razón de un dólar igual a $1.460, que se estima en forma provisoria para responder por intereses y costas.

Se hace saber que a los efecto";1147;1169;1147;1569
15;516904;Embargo - usuario;3;hasta cubrir;Montos;"hasta cubrir las sumas de U$S 5.054.84, equivalente a $7.380.066,40 en concepto de saldo de capital, con

Poder Judicial de la Nación
Juzgado Comercial N° 8 - Secretaría N° 15

más la de U$S 1.200,00 equivalente a $1.752.000,00 según cotización del Banco Nación de fecha 10/12/2025 a razón de un dólar igual a $1.460, que se estima en forma provisoria para responder por intereses y costas.

Se hace saber que a ";1147;1159;1147;1559
15;516904;Embargo - usuario;4;retencion;Montos;"retención.

Las sumas retenidas, deberán ser depositadas en la cuenta judicial L° 573, F° 674, DV 6 . y con CBU 0290075900215057306748, especialmente abierta al efecto en las actuaciones citadas y a la orden del Juez interviniente, en el Banco de la Ciudad de Buenos Aires, Sucursal Tribunales, CUIT Nº 30-99903208-3.

Se encuentran autorizados a diligenciar el presente : Dres. Leonardo Javier Ferreiro, Migu";1696;1705;1696;2105
15;516904;Embargo - usuario;5;deberán ser depositadas;Cuenta_depositar;"deberán ser depositadas en la cuenta judicial L° 573, F° 674, DV 6 . y con CBU 0290075900215057306748, especialmente abierta al efecto en las actuaciones citadas y a la orden del Juez interviniente, en el Banco de la Ciudad de Buenos Aires, Sucursal Tribunales, CUIT Nº 30-99903208-3.

Se encuentran autorizados a diligenciar el presente : Dres. Leonardo Javier Ferreiro, Miguel Angel Moreno, Pedro Cruz Santos Fontanet; Fe";1729;1752;1729;2152
15;516904;Embargo - usuario;6;cuenta judicial;Cuenta_depositar;"cuenta judicial L° 573, F° 674, DV 6 . y con CBU 0290075900215057306748, especialmente abierta al efecto en las actuaciones citadas y a la orden del Juez interviniente, en el Banco de la Ciudad de Buenos Aires, Sucursal Tribunales, CUIT Nº 30-99903208-3.

Se encuentran autorizados a diligenciar el presente : Dres. Leonardo Javier Ferreiro, Miguel Angel Moreno, Pedro Cruz Santos Fontanet; Federico G. Garcia Cabel";1759;1774;1759;2174
15;516904;Embargo - usuario;7;retencion;Montos;"retención..... FDO: JAVIER J. COSENTINO. JUEZ""Otro ""Buenos Aires 17 de diciembre de 2025 En función de la contestación de Mercado Libre y teniendo en cuenta el oficio librado a fd. 1183 por las sumas de US$ 5.054,84 en concepto de saldo de capital, con más la de U$S 1.200,00 por intereses y costas, equivalentes a $7.380.066,40 y $1.752.000,00 según cotización del Banco Nación de fecha 10/12/2025 a razón de";3850;3859;3850;4259
15;516904;Embargo - usuario;8;por las sumas;Montos;por las sumas de US$ 5.054,84 en concepto de saldo de capital, con más la de U$S 1.200,00 por intereses y costas, equivalentes a $7.380.066,40 y $1.752.000,00 según cotización del Banco Nación de fecha 10/12/2025 a razón de un dólar igual a $1.460. Con tal alcance librese oficio a Mercado Libre con la indicación de la equivalencia de los dólares a pesos. Se hace saber al interesado que deberá subir el proyecto;4036;4049;4036;4449
16;546236;Embargo - usuario;1;sobre los fondos;Datos_Embargado;sobre los fondos presentes y futuros que tenga invertidos en cuotas partes del Fondo común de inversión Mercado Fondos administrado por Mercado Pago Asset Management S.A, el demandado en autos AURELIO RODOLFO MELGAREJO, con DNI 13273828 a su nombre y fueran susceptibles de ser embargadas. El embargo deberá tratarse hasta cubrir las sumas de $ 28.236,08 en concepto de saldo no embargado de la liquidación aprobada,;959;975;959;1375
16;546236;Embargo - usuario;2;hasta cubrir las sumas;Montos;"hasta cubrir las sumas de $ 28.236,08 en concepto de saldo no embargado de la liquidación aprobada, con más la suma de $6.000,00 que se presupuesta para intereses y costas.-

Dichas sumas deberán ser depositadas en la cuenta judicial L° 765, F° 194, Dv 3, con CBU 0290075900220076501946, especialmente abierta al efecto en las actuaciones citadas y a la orden del Juez interviniente, en el Banco de la Ciudad de Buenos Air";1276;1298;1276;1698
16;546236;Embargo - usuario;3;hasta cubrir;Montos;"hasta cubrir las sumas de $ 28.236,08 en concepto de saldo no embargado de la liquidación aprobada, con más la suma de $6.000,00 que se presupuesta para intereses y costas.-

Dichas sumas deberán ser depositadas en la cuenta judicial L° 765, F° 194, Dv 3, con CBU 0290075900220076501946, especialmente abierta al efecto en las actuaciones citadas y a la orden del Juez interviniente, en el Banco de la Ciudad de ";1276;1288;1276;1688
16;546236;Embargo - usuario;4;deberán ser depositadas;Cuenta_depositar;"deberán ser depositadas en la cuenta judicial L° 765, F° 194, Dv 3, con CBU 0290075900220076501946, especialmente abierta al efecto en las actuaciones citadas y a la orden del Juez interviniente, en el Banco de la Ciudad de Buenos Aires, Sucursal Tribunales, CUIT N° 30-99903208-3.

Se hace saber que en el caso de tratarse de una cuenta corriente o caja de ahorros destinada al depósito de haberes, respecto de las sumas q";1464;1487;1464;1887
16;546236;Embargo - usuario;5;cuenta judicial;Cuenta_depositar;"cuenta judicial L° 765, F° 194, Dv 3, con CBU 0290075900220076501946, especialmente abierta al efecto en las actuaciones citadas y a la orden del Juez interviniente, en el Banco de la Ciudad de Buenos Aires, Sucursal Tribunales, CUIT N° 30-99903208-3.

Se hace saber que en el caso de tratarse de una cuenta corriente o caja de ahorros destinada al depósito de haberes, respecto de las sumas que se depositen en con";1494;1509;1494;1909
16;546236;Embargo - usuario;6;hasta cubrir la suma;Montos;"hasta cubrir la suma de $28.236,08 en concepto de saldo no embargado de la liquidación aprobada, con más la suma de $6.000,00 que se presupuesta para intereses y costas, trábese el embargo peticionado. Fdo: Dra Valeria Peréz casado.

Otro auto: ""Buenos Aires, 10 de diciembre de 2025. En atención a lo solicitado, hasta cubrir las sumas indicadas en fd. 210 trábese el embargo peticionado sobre las sumas que tenga inver";2127;2147;2127;2547
16;546236;Embargo - usuario;7;hasta cubrir;Montos;"hasta cubrir la suma de $28.236,08 en concepto de saldo no embargado de la liquidación aprobada, con más la suma de $6.000,00 que se presupuesta para intereses y costas, trábese el embargo peticionado. Fdo: Dra Valeria Peréz casado.

Otro auto: ""Buenos Aires, 10 de diciembre de 2025. En atención a lo solicitado, hasta cubrir las sumas indicadas en fd. 210 trábese el embargo peticionado sobre las sumas que ten";2127;2139;2127;2539
16;546236;Embargo - usuario;8;cubrir la suma;Montos;"cubrir la suma de $28.236,08 en concepto de saldo no embargado de la liquidación aprobada, con más la suma de $6.000,00 que se presupuesta para intereses y costas, trábese el embargo peticionado. Fdo: Dra Valeria Peréz casado.

Otro auto: ""Buenos Aires, 10 de diciembre de 2025. En atención a lo solicitado, hasta cubrir las sumas indicadas en fd. 210 trábese el embargo peticionado sobre las sumas que tenga inver";2133;2147;2133;2547
16;546236;Embargo - usuario;9;hasta cubrir las sumas;Montos;hasta cubrir las sumas indicadas en fd. 210 trábese el embargo peticionado sobre las sumas que tenga invertidas el ejecutado Aurelio Rodolfo Melgarejo (DNI 13.273.828), en cuota partes del Fondo común de inversión Mercado Fondos administrado por Mercado Pago Asset Management S.A, a cuyo fin librese oficio a dicha entidad. Déjase aclarado que el ejecutante será responsable de las costas generadas por el levantamiento de;2441;2463;2441;2863
16;546236;Embargo - usuario;10;hasta cubrir;Montos;hasta cubrir las sumas indicadas en fd. 210 trábese el embargo peticionado sobre las sumas que tenga invertidas el ejecutado Aurelio Rodolfo Melgarejo (DNI 13.273.828), en cuota partes del Fondo común de inversión Mercado Fondos administrado por Mercado Pago Asset Management S.A, a cuyo fin librese oficio a dicha entidad. Déjase aclarado que el ejecutante será responsable de las costas generadas por el levant;2441;2453;2441;2853
16;546236;Embargo - usuario;11;deberán ser depositadas;Cuenta_depositar;"deberán ser depositadas en la cuenta L°765 F°194 DV°3 abierta en el Banco de la Ciudad de Buenos Aires, Sucursal Tribunales, a nombre de este Juzgado y Secretaría y como

Poder Judicial de la Nación
JUZGADO COMERCIAL 10

perteneciente a estos autos. Del mismo modo, hágase constar que el presente deberá ser contestado a la casilla de correo electrónico del tribunal jncomercial10.sec20@pjn.gov.ar, incorporando en el “Asun";3068;3091;3068;3491
17;546332;Embargo - usuario;1;a nombre del demandado;Datos_Embargado;"a nombre del demandado VALERIA ALEJANDRA JIMENEZ, con DNI 29231660
Actuaciones: BANCO PATAGONIA S.A. C/ JIMENEZ Valeria Alejandra S/ Cobro Ejecutivo (Expediente judicial N° 10858)
Importe a cubrir: $ 15.973,97 (Pesos QUINCE MIL NOVECIENTOS SETENTA Y TRES CON NOVENTA Y SIETE CENTAVOS), por capital reclamado, más PESOS SEIS MIL TRESCIENTOS OCHENTA Y NUEVE CON CINCUENTA Y OCHO CENTAVOS ($6389,58), estimada para atender in";1526;1548;1526;1948
17;546332;Embargo - usuario;2;deberán ser transferidos;Cuenta_depositar;"deberán ser transferidos a la cuenta y CBU Nos.: 5120-027-6180642 CBU 0140042727512061806420, especialmente abierta al efecto en las actuaciones citadas y a la orden del Juez interviniente, en el Banco de la Provincia de Buenos Aires, Sucursal Tribunales, del departamento Judicial de LA MATANZA siendo asimismo el CUIT del PODER JUDICIAL: 30-99913926-0.-
El auto que ordena la medida en su parte pertinente reza: ""En la ciu";2077;2101;2077;2501
17;546332;Embargo - usuario;3;decrétase embargo;Datos_Embargado;"decretáse embargo preventivo por las sumas de Pesos QUINCE MIL NOVECIENTOS SETENTA Y TRES CON NOVENTA Y SIETE CENTAVOS ($15.973,97) con más de SEIS MIL TRESCIENTOS OCHENTA Y NUEVE CON CINCUENTA Y OCHO CENTAVOS ($6389,58), que se presupuestan ""prima facie"" para responder a intereses y costas de la ejecución, sobre los montos depositados y/o a depositarse en la cuenta que posea en la billetera virtual de Mercado Pag";2585;2602;2585;3002
17;546332;Embargo - usuario;4;embargo preventivo;Datos_Embargado;"embargo preventivo por las sumas de Pesos QUINCE MIL NOVECIENTOS SETENTA Y TRES CON NOVENTA Y SIETE CENTAVOS ($15.973,97) con más de SEIS MIL TRESCIENTOS OCHENTA Y NUEVE CON CINCUENTA Y OCHO CENTAVOS ($6389,58), que se presupuestan ""prima facie"" para responder a intereses y costas de la ejecución, sobre los montos depositados y/o a depositarse en la cuenta que posea en la billetera virtual de Mercado Pago SA. Déjas";2595;2613;2595;3013
17;546332;Embargo - usuario;5;por las sumas;Montos;"por las sumas de Pesos QUINCE MIL NOVECIENTOS SETENTA Y TRES CON NOVENTA Y SIETE CENTAVOS ($15.973,97) con más de SEIS MIL TRESCIENTOS OCHENTA Y NUEVE CON CINCUENTA Y OCHO CENTAVOS ($6389,58), que se presupuestan ""prima facie"" para responder a intereses y costas de la ejecución, sobre los montos depositados y/o a depositarse en la cuenta que posea en la billetera virtual de Mercado Pago SA. Déjase constancia q";2614;2627;2614;3027
17;546332;Embargo - usuario;6;depositarse en la cuenta;Cuenta_depositar;depositarse en la cuenta que posea en la billetera virtual de Mercado Pago SA. Déjase constancia que los fondos que resulten embargados deberán depositarse en una cuenta a abrirse en el Banco de la Provincia de Buenos Aires, sucursal San Justo, a la orden del suscripto y como perteneciente a estos actuados. Oficiese con los recaudos de rigor (arts. 195, 199, 209 inc. 2do. y 213 del C.P.C.C.). Efectivizada que sea la medi;2929;2953;2929;3353
17;546332;Embargo - usuario;7;deberán depositarse;Cuenta_depositar;"deberán depositarse en una cuenta a abrirse en el Banco de la Provincia de Buenos Aires, sucursal San Justo, a la orden del suscripto y como perteneciente a estos actuados. Oficiese con los recaudos de rigor (arts. 195, 199, 209 inc. 2do. y 213 del C.P.C.C.). Efectivizada que sea la medida ordenada notifíquese (art. 198 del citado cuerpo legal).""...Fdo: 03/11/2025 - TROTTA Ignacio Alberto - JUEZ
Se deja constancia q";3065;3084;3065;3484
18;538119;Embargo - usuario;1;decretado el embargo;Datos_Embargado;"decretado el EMBARGO sobre los fondos que la parte demandada, NORMA ESTEFANIA MIHANOVICH, DNI 44.398.455, posea por cualquier concepto en el presente o futuro en la billetaria virtual ""Mercado Pago"", administrada por ""Mercado Libre SRL"", hasta cubrir la suma de PESOS CUATROCIENTOS CINCUENTA Y OCHO MIL TRECE CON SESENTA Y DOS CENTAVOS ($458.013,62) en concepto de capital, con más la suma de PESOS CUATROCIENTOS CINCUEN";1461;1481;1461;1881
18;538119;Embargo - usuario;2;sobre los fondos;Datos_Embargado;"sobre los fondos que la parte demandada, NORMA ESTEFANIA MIHANOVICH, DNI 44.398.455, posea por cualquier concepto en el presente o futuro en la billetaria virtual ""Mercado Pago"", administrada por ""Mercado Libre SRL"", hasta cubrir la suma de PESOS CUATROCIENTOS CINCUENTA Y OCHO MIL TRECE CON SESENTA Y DOS CENTAVOS ($458.013,62) en concepto de capital, con más la suma de PESOS CUATROCIENTOS CINCUENTA Y OCHO MIL TRE";1482;1498;1482;1898
18;538119;Embargo - usuario;3;hasta cubrir la suma;Montos;"hasta cubrir la suma de PESOS CUATROCIENTOS CINCUENTA Y OCHO MIL TRECE CON SESENTA Y DOS CENTAVOS ($458.013,62) en concepto de capital, con más la suma de PESOS CUATROCIENTOS CINCUENTA Y OCHO MIL TRECE CON SESENTA Y DOS CENTAVOS ($458.013,62) presupuestada provisoriamente para responder a intereses y costas del juicio.
Las sumas que se retengan deberán ser depositadas en el ""plazo de cinco (5) días en la cuenta judic";1699;1719;1699;2119
18;538119;Embargo - usuario;4;hasta cubrir;Montos;"hasta cubrir la suma de PESOS CUATROCIENTOS CINCUENTA Y OCHO MIL TRECE CON SESENTA Y DOS CENTAVOS ($458.013,62) en concepto de capital, con más la suma de PESOS CUATROCIENTOS CINCUENTA Y OCHO MIL TRECE CON SESENTA Y DOS CENTAVOS ($458.013,62) presupuestada provisoriamente para responder a intereses y costas del juicio.
Las sumas que se retengan deberán ser depositadas en el ""plazo de cinco (5) días en la cuen";1699;1711;1699;2111
18;538119;Embargo - usuario;5;cubrir la suma;Montos;"cubrir la suma de PESOS CUATROCIENTOS CINCUENTA Y OCHO MIL TRECE CON SESENTA Y DOS CENTAVOS ($458.013,62) en concepto de capital, con más la suma de PESOS CUATROCIENTOS CINCUENTA Y OCHO MIL TRECE CON SESENTA Y DOS CENTAVOS ($458.013,62) presupuestada provisoriamente para responder a intereses y costas del juicio.
Las sumas que se retengan deberán ser depositadas en el ""plazo de cinco (5) días en la cuenta judic";1705;1719;1705;2119
18;538119;Embargo - usuario;6;deberán ser depositadas;Cuenta_depositar;"deberán ser depositadas en el ""plazo de cinco (5) días en la cuenta judicial en pesos N° 027-923626/1, CBU 0140136927509992362617, CUIT 30-70721665-0 del Banco de la Provincia de Buenos Aires, Sucursal Tribunales de San Isidro, a nombre de estos autos y a la orden de este Juzgado.
Los autos que ordenan la medida en su parte pertinente dicen:
1. ""San Isidro, 6 de Marzo de 2024... Teniendo en cuenta lo que surge de la doc";2046;2069;2046;2469
18;538119;Embargo - usuario;7;cuenta judicial;Cuenta_depositar;"cuenta judicial en pesos N° 027-923626/1, CBU 0140136927509992362617, CUIT 30-70721665-0 del Banco de la Provincia de Buenos Aires, Sucursal Tribunales de San Isidro, a nombre de estos autos y a la orden de este Juzgado.
Los autos que ordenan la medida en su parte pertinente dicen:
1. ""San Isidro, 6 de Marzo de 2024... Teniendo en cuenta lo que surge de la documentación acompañada y lo dispuesto en los arts. 521";2107;2122;2107;2522
18;538119;Embargo - usuario;8;por la suma;Montos;"por la suma de PESOS CUATROCIENTOS CINCUENTA Y OCHO MIL TRECE CON 62/100 ($458.013,62), importe del crédito que se reclama en autos, con más la suma de PESOS CUATROCIENTOS CINCUENTA Y OCHO MIL TRECE CON 62/100 ($458.013,62), que se presupuesta 'prima facie' para responder a intereses y costas del juicio.""

2. ""San Isidro, 8 de Agosto de 2025... en atención a lo pedido, teniendo en cuenta la sentencia recaída";2623;2634;2623;3034
18;538119;Embargo - usuario;9;por la suma;Montos;por la suma de PESOS CUATROCIENTOS CINCUENTA Y OCHO MIL TRECE CON 62/100 ($458.013,62), importe del crédito que se reclama en autos, con más la suma de PESOS CUATROCIENTOS CINCUENTA Y OCHO MIL TRECE CON 62/100 ($458.013,62), que se presupuestan para responder a intereses y costas. decretase el embargo sobre los fondos de la demandada Norma Estefanía MIHANOVICH (DNI 44.398.455) que por cualquier concepto pose;3114;3125;3114;3525
18;538119;Embargo - usuario;10;sobre los fondos;Datos_Embargado;sobre los fondos de la demandada Norma Estefanía MIHANOVICH (DNI 44.398.455) que por cualquier concepto posea en el presente o futuro en 'Mercado Fago', billetera virtual administrada por 'Mercado Libre SRL'. Las sumas retenidas deberán ser depositadas en el plazo de cinco (5) días en la cuenta a nombre de autos y a la orden de este Juzgado y Secretaría, en el Banco de la Provincia de Buenos Aires, Delegación Tri;3417;3433;3417;3833
18;538119;Embargo - usuario;11;deberán ser depositadas;Cuenta_depositar;"deberán ser depositadas en el plazo de cinco (5) días en la cuenta a nombre de autos y a la orden de este Juzgado y Secretaría, en el Banco de la Provincia de Buenos Aires, Delegación Tribunales de San Isidro (CUENTA JUDICIAL EN PESOS N° 027-923626/1 CBU 0140138927605992362817 y cuyo N° de CUIT es 30-70721665-0). Fdo: VIEYRA MARIANO LUIS - JUEZ.
Se autoriza al diligenciamiento del presente oficio al Javier Hernán Petral";3646;3669;3646;4069
18;538119;Embargo - usuario;12;cuenta judicial;Cuenta_depositar;"CUENTA JUDICIAL EN PESOS N° 027-923626/1 CBU 0140138927605992362817 y cuyo N° de CUIT es 30-70721665-0). Fdo: VIEYRA MARIANO LUIS - JUEZ.
Se autoriza al diligenciamiento del presente oficio al Javier Hernán Petralli (T° XVII F° 433 C.A.S.M.) y/o Sandra Fabiana Ávila, (DNI 21.093.417) y/o Mauro Nicolás Córdoba (DNI 32.850.976) y/o quien se designe con las facultades de estilo.
Sin otro particular, saludo a Ud. mu";3856;3871;3856;4271
19;501696;Embargo - usuario;1;trabar embargo;Datos_Embargado;"TRABAR EMBARGO:

- sobre Fondos depositados y/o a depositarse en la cuenta en Billetera Virtual de titularidad de, SANTIAGO NICOLAS GONZALEZ, DNI 39.872.112, CVU N° 0000003100080897117481, abierta ante su Entidad, hasta cubrir la suma de la suma reclamada de pesos cuatro millones setecientos cuarenta y cuatro mil novecientos cuarenta pesos con ochenta y ocho centavos ($ 4.744.940,88) en concepto de capital.-, d";822;836;822;1236
19;501696;Embargo - usuario;2;depositarse en la cuenta;Cuenta_depositar;depositarse en la cuenta en Billetera Virtual de titularidad de, SANTIAGO NICOLAS GONZALEZ, DNI 39.872.112, CVU N° 0000003100080897117481, abierta ante su Entidad, hasta cubrir la suma de la suma reclamada de pesos cuatro millones setecientos cuarenta y cuatro mil novecientos cuarenta pesos con ochenta y ocho centavos ($ 4.744.940,88) en concepto de capital.-, debiéndose depositarlas sumas resultantes en la Cuenta Judici;872;896;872;1296
19;501696;Embargo - usuario;3;hasta cubrir la suma;Montos;"hasta cubrir la suma de la suma reclamada de pesos cuatro millones setecientos cuarenta y cuatro mil novecientos cuarenta pesos con ochenta y ocho centavos ($ 4.744.940,88) en concepto de capital.-, debiéndose depositarlas sumas resultantes en la Cuenta Judicial Sucursal: Sucursal 80 - Caja Abogados; Tipo de Cuenta: PESOS; Nro. de Cuenta: 53005370; CBU: 0650080103000530053704, abierta ante el Banco Municipal de Rosar";1036;1056;1036;1456
19;501696;Embargo - usuario;4;hasta cubrir;Montos;"hasta cubrir la suma de la suma reclamada de pesos cuatro millones setecientos cuarenta y cuatro mil novecientos cuarenta pesos con ochenta y ocho centavos ($ 4.744.940,88) en concepto de capital.-, debiéndose depositarlas sumas resultantes en la Cuenta Judicial Sucursal: Sucursal 80 - Caja Abogados; Tipo de Cuenta: PESOS; Nro. de Cuenta: 53005370; CBU: 0650080103000530053704, abierta ante el Banco Municipal ";1036;1048;1036;1448
19;501696;Embargo - usuario;5;cubrir la suma;Montos;"cubrir la suma de la suma reclamada de pesos cuatro millones setecientos cuarenta y cuatro mil novecientos cuarenta pesos con ochenta y ocho centavos ($ 4.744.940,88) en concepto de capital.-, debiéndose depositarlas sumas resultantes en la Cuenta Judicial Sucursal: Sucursal 80 - Caja Abogados; Tipo de Cuenta: PESOS; Nro. de Cuenta: 53005370; CBU: 0650080103000530053704, abierta ante el Banco Municipal de Rosar";1042;1056;1042;1456
19;501696;Embargo - usuario;6;cuenta judicial;Cuenta_depositar;"Cuenta Judicial Sucursal: Sucursal 80 - Caja Abogados; Tipo de Cuenta: PESOS; Nro. de Cuenta: 53005370; CBU: 0650080103000530053704, abierta ante el Banco Municipal de Rosario a cuenta y orden de este juzgado.

Todo ello conforme el decreto que a continuación se transcribe en su parte pertinente y que así lo ordena, confiriéndose facultades al suscripto conforme art. 25 CPCCSF para su diligenciamiento:

A contin";1283;1298;1283;1698
19;501696;Embargo - usuario;7;trabese embargo;Datos_Embargado;"trábese EMBARGO sobre los FONDOS depositados y/o a depositarse en la cuenta de

MERCADO PAGO/MERCADO LIBRE a nombre del demandado, por el monto total y los conceptos que a continuación del presente se detallan. Hágase saber que en caso de ser cuenta sueldo o de tratarse de una cuenta PREVISIONAL, NO se TRABARÁ. Prevía REPOSICIÓN DE SELLADO de embargo, si correspondiere, librese el oficio respectivo. Los MONTOS E";1839;1854;1839;2254
19;501696;Embargo - usuario;8;sobre los fondos;Datos_Embargado;"sobre los FONDOS depositados y/o a depositarse en la cuenta de

MERCADO PAGO/MERCADO LIBRE a nombre del demandado, por el monto total y los conceptos que a continuación del presente se detallan. Hágase saber que en caso de ser cuenta sueldo o de tratarse de una cuenta PREVISIONAL, NO se TRABARÁ. Prevía REPOSICIÓN DE SELLADO de embargo, si correspondiere, librese el oficio respectivo. Los MONTOS EMBARGADOS deberán";1855;1871;1855;2271
19;501696;Embargo - usuario;9;depositarse en la cuenta;Cuenta_depositar;"depositarse en la cuenta de

MERCADO PAGO/MERCADO LIBRE a nombre del demandado, por el monto total y los conceptos que a continuación del presente se detallan. Hágase saber que en caso de ser cuenta sueldo o de tratarse de una cuenta PREVISIONAL, NO se TRABARÁ. Prevía REPOSICIÓN DE SELLADO de embargo, si correspondiere, librese el oficio respectivo. Los MONTOS EMBARGADOS deberán ser DEPOSITADOS en la cuenta judicial conf";1890;1914;1890;2314
19;501696;Embargo - usuario;10;a nombre del demandado;Datos_Embargado;a nombre del demandado, por el monto total y los conceptos que a continuación del presente se detallan. Hágase saber que en caso de ser cuenta sueldo o de tratarse de una cuenta PREVISIONAL, NO se TRABARÁ. Prevía REPOSICIÓN DE SELLADO de embargo, si correspondiere, librese el oficio respectivo. Los MONTOS EMBARGADOS deberán ser DEPOSITADOS en la cuenta judicial conforme los datos que surgen de la CONSTANCIA DE CUENTA J;1946;1968;1946;2368
19;501696;Embargo - usuario;11;deberán ser depositados;Cuenta_depositar;deberán ser DEPOSITADOS en la cuenta judicial conforme los datos que surgen de la CONSTANCIA DE CUENTA JUDICIAL ADJUNTADA AL OFICIO. A los fines de posibilitar la transferencia bancaria, utilizar como asociado a la cuenta judicial respectiva el C.U.I.T. NRO. 33-99918181-9 perteneciente al Banco Municipal de Rosario. La ENTIDAD deberá COMUNICAR al Juzgado de la causa la realización de los depósitos respectivos o, en su c;2264;2287;2264;2687
19;501696;Embargo - usuario;12;cuenta judicial;Cuenta_depositar;cuenta judicial conforme los datos que surgen de la CONSTANCIA DE CUENTA JUDICIAL ADJUNTADA AL OFICIO. A los fines de posibilitar la transferencia bancaria, utilizar como asociado a la cuenta judicial respectiva el C.U.I.T. NRO. 33-99918181-9 perteneciente al Banco Municipal de Rosario. La ENTIDAD deberá COMUNICAR al Juzgado de la causa la realización de los depósitos respectivos o, en su caso, cualquier motivo ;2294;2309;2294;2709
19;501696;Embargo - usuario;13;cuenta judicial;Cuenta_depositar;CUENTA JUDICIAL ADJUNTADA AL OFICIO. A los fines de posibilitar la transferencia bancaria, utilizar como asociado a la cuenta judicial respectiva el C.U.I.T. NRO. 33-99918181-9 perteneciente al Banco Municipal de Rosario. La ENTIDAD deberá COMUNICAR al Juzgado de la causa la realización de los depósitos respectivos o, en su caso, cualquier motivo que impidiere cumplimentar la medida ordenada en el plazo de trein;2360;2375;2360;2775
19;501696;Embargo - usuario;14;cuenta judicial;Cuenta_depositar;cuenta judicial respectiva el C.U.I.T. NRO. 33-99918181-9 perteneciente al Banco Municipal de Rosario. La ENTIDAD deberá COMUNICAR al Juzgado de la causa la realización de los depósitos respectivos o, en su caso, cualquier motivo que impidiere cumplimentar la medida ordenada en el plazo de treinta días bajo apercibimiento de astreintes. Asimismo, la INSTITUCIÓN DEBERÁ VERIFICAR, previo al depósito de las sumas e;2479;2494;2479;2894
19;501696;Embargo - usuario;15;cuenta judicial;Cuenta_depositar;"cuenta judicial ante el Banco Municipal de Rosario, Suc. 80 -Caja de Abogados- y ADJUNTAR AL OFICIO la constancia del número de Cuenta Judicial y C.B.U., correspondiente a los presentes autos.

Parte Demandada: GONZALEZ, SANTIAGO NICOLÁS
D.N.I. Nro.: 39.872.112
CVU: 0000003100080897117481
EL MONTO TOTAL por el que DEBE CUMPLIMENTARSE la PRESENTE MEDIDA ORDENADA y en relación a la PARTE DEMANDADA, en concepto de ";3325;3340;3325;3740
19;501696;Embargo - usuario;16;cuenta judicial;Cuenta_depositar;"Cuenta Judicial y C.B.U., correspondiente a los presentes autos.

Parte Demandada: GONZALEZ, SANTIAGO NICOLÁS
D.N.I. Nro.: 39.872.112
CVU: 0000003100080897117481
EL MONTO TOTAL por el que DEBE CUMPLIMENTARSE la PRESENTE MEDIDA ORDENADA y en relación a la PARTE DEMANDADA, en concepto de liquidación practicada en autos, SE DETERMINA EN LA SUMA DE:
$4.744.940,88.- (PESOS CUATRO MILLONES SETECIENTOS CUARENTA Y CUATR";3453;3468;3453;3868
20;536705;Embargo - usuario;1;a nombre del demandado;Datos_Embargado;"a nombre del demandado CARLOS ROBERTO SOLOHAGA, con DNI 17516617

Actuaciones: BANCO PATAGONIA S.A. C/ SOLOHAGA CARLOS ROBERTO S/ COBRO EJECUTIVO (Expediente judicial N° 61.366)
Importe a cubrir: $ 32.189,79 (PESOS TREINTA Y DOS MIL CIENTO OCHENTA Y NUEVE CON SETENTA Y NUEVE CENTAVOS), por capital reclamado, más $ 12.875,00 (PESOS DOCE MIL OCHOCIENTOS SETENTA Y CINCO), estimada para atender intereses y costas.

Embarga";1705;1727;1705;2127
20;536705;Embargo - usuario;2;hasta cubrir la suma;Montos;hasta cubrir la suma $ 32.189,79.- con más la de $ 12.875.- que se presupuesta prima facie para responder a intereses y costas de la ejecución, trábase embargo sobre los fondos presentes y futuros que por cualquier concepto tuviera el demandado en Mercado Libre SRL ( Mercado Pago ). A tal fin, librese oficio. (arts. 15, 16, 743 del CCyC, 195, 202, 203, 209, 500 y 533 del C.P.C.C.). Fdo. Dra. VIDAL Veronica Viviana. J;2869;2889;2869;3289
20;536705;Embargo - usuario;3;hasta cubrir;Montos;hasta cubrir la suma $ 32.189,79.- con más la de $ 12.875.- que se presupuesta prima facie para responder a intereses y costas de la ejecución, trábase embargo sobre los fondos presentes y futuros que por cualquier concepto tuviera el demandado en Mercado Libre SRL ( Mercado Pago ). A tal fin, librese oficio. (arts. 15, 16, 743 del CCyC, 195, 202, 203, 209, 500 y 533 del C.P.C.C.). Fdo. Dra. VIDAL Veronica Vi;2869;2881;2869;3281
20;536705;Embargo - usuario;4;cubrir la suma;Montos;cubrir la suma $ 32.189,79.- con más la de $ 12.875.- que se presupuesta prima facie para responder a intereses y costas de la ejecución, trábase embargo sobre los fondos presentes y futuros que por cualquier concepto tuviera el demandado en Mercado Libre SRL ( Mercado Pago ). A tal fin, librese oficio. (arts. 15, 16, 743 del CCyC, 195, 202, 203, 209, 500 y 533 del C.P.C.C.). Fdo. Dra. VIDAL Veronica Viviana. J;2875;2889;2875;3289
20;536705;Embargo - usuario;5;sobre los fondos;Datos_Embargado;"sobre los fondos presentes y futuros que por cualquier concepto tuviera el demandado en Mercado Libre SRL ( Mercado Pago ). A tal fin, librese oficio. (arts. 15, 16, 743 del CCyC, 195, 202, 203, 209, 500 y 533 del C.P.C.C.). Fdo. Dra. VIDAL Veronica Viviana. JUEZ""

Se deja constancia que el presente oficio de embargo de cuenta se encuentra suscripto con firma digital conforme lo dispuesto en el art. 1 apartado 3,";3029;3045;3029;3445
20;536705;Embargo - usuario;6;deberán ser transferidos;Cuenta_depositar;"deberán ser transferidos a la cuenta y CBU Nos.: 82963098 (CBU 0140138327510082963098), especialmente abierta al efecto en las actuaciones citadas y a la orden del Juez interviniente, en el Banco de la Provincia de Buenos Aires, Sucursal Tribunales, del departamento Judicial de siendo asimismo el CUIT del PODER JUDICIAL: 30-99913926-0.-
Se deja constancia que el presente juzgado es competente en razón de la materia, grad";3524;3548;3524;3948
21;535845;Embargo - usuario;1;trabe embargo;Datos_Embargado;trabe embargo sobre las cuentas que posean las partes demandadas HORACIO OSCAR NUÑEZ DNI 26592524 CUIT 20-26592524-4 , MIRTA EDITH BONACALZA DNI 40797926 CUIT 20- 40797926-6 y ELIAS CARBALLO DNI 24846229 CUIT 23-24846229-9 ,hasta cubrir las sumas de $ 97.200 y 29,6 IUS (que al dia de la fecha equivale a $1,312,168), en concepto de honorarios regulados, mas la suma de $ 422.810,40 que corresponden a la presupue;1427;1440;1427;1840
21;535845;Embargo - usuario;2;cuentas que;Datos_Embargado;cuentas que posean las partes demandadas HORACIO OSCAR NUÑEZ DNI 26592524 CUIT 20-26592524-4 , MIRTA EDITH BONACALZA DNI 40797926 CUIT 20- 40797926-6 y ELIAS CARBALLO DNI 24846229 CUIT 23-24846229-9 ,hasta cubrir las sumas de $ 97.200 y 29,6 IUS (que al dia de la fecha equivale a $1,312,168), en concepto de honorarios regulados, mas la suma de $ 422.810,40 que corresponden a la presupuestada para afrontar in;1451;1462;1451;1862
21;535845;Embargo - usuario;3;hasta cubrir las sumas;Montos;hasta cubrir las sumas de $ 97.200 y 29,6 IUS (que al dia de la fecha equivale a $1,312,168), en concepto de honorarios regulados, mas la suma de $ 422.810,40 que corresponden a la presupuestada para afrontar intereses, costos y costas de la ejecución, haciéndole saber a dichas entidades bancarias que en caso que las mismas sean cuentas sueldo es decir, donde se depositen los haberes del demandado, deberá llevarse a ca;1651;1673;1651;2073
21;535845;Embargo - usuario;4;hasta cubrir;Montos;hasta cubrir las sumas de $ 97.200 y 29,6 IUS (que al dia de la fecha equivale a $1,312,168), en concepto de honorarios regulados, mas la suma de $ 422.810,40 que corresponden a la presupuestada para afrontar intereses, costos y costas de la ejecución, haciéndole saber a dichas entidades bancarias que en caso que las mismas sean cuentas sueldo es decir, donde se depositen los haberes del demandado, deberá lle;1651;1663;1651;2063
21;535845;Embargo - usuario;5;serán depositadas;Cuenta_depositar;"serán depositadas en el Banco de la Provincia de Buenos Aires, Sucursal Lomas de Zamora a la cuenta de autos y a la orden de este Juzgado
Datos de la Cuenta Número de Cuenta: 027-1433286 CBU: 0140023-6 27506814332869
El auto que ordena el presente oficio dice : Lomas de Zamora, 27 de Febrero de 2026.- SS MEDIDA CAUTELAR - SOLICITA (225100333041701233) En virtud de lo solicitado, trábase embargo sobre las cuentas q";2432;2449;2432;2849
21;535845;Embargo - usuario;6;cuentas que;Datos_Embargado;cuentas que posean los demandados HORACIO OSCAR NUÑEZ, MIRTA EDITH BONACALZA y ELIAS GABRIEL CARBALLO en Mercado Pago Servicios de Procesamiento S.R.L., hasta cubrir las sumas de $ 97.200 y 29,6 IUS (que al dia de la fecha equivale a $1,351,536), en concepto de honorarios regulados, mas la suma de $ 422.810,40 que corresponden a la presupuestada para afrontar intereses, costos y costas de la ejecución, las q;2840;2851;2840;3251
21;535845;Embargo - usuario;7;hasta cubrir las sumas;Montos;hasta cubrir las sumas de $ 97.200 y 29,6 IUS (que al dia de la fecha equivale a $1,351,536), en concepto de honorarios regulados, mas la suma de $ 422.810,40 que corresponden a la presupuestada para afrontar intereses, costos y costas de la ejecución, las que deberán serán depositadas en el Banco de la Provincia de Buenos Aires, Sucursal Lomas de Zamora a la cuenta de autos y a la orden de este Juzgado a cuyo fin libr;2993;3015;2993;3415
21;535845;Embargo - usuario;8;hasta cubrir;Montos;hasta cubrir las sumas de $ 97.200 y 29,6 IUS (que al dia de la fecha equivale a $1,351,536), en concepto de honorarios regulados, mas la suma de $ 422.810,40 que corresponden a la presupuestada para afrontar intereses, costos y costas de la ejecución, las que deberán serán depositadas en el Banco de la Provincia de Buenos Aires, Sucursal Lomas de Zamora a la cuenta de autos y a la orden de este Juzgado a cuy;2993;3005;2993;3405
21;535845;Embargo - usuario;9;serán depositadas;Cuenta_depositar;serán depositadas en el Banco de la Provincia de Buenos Aires, Sucursal Lomas de Zamora a la cuenta de autos y a la orden de este Juzgado a cuyo fin librese oficio.- Asimismo, hágase saber, también, a la entidad financiera que una vez que la medida alcance el importe por el cual se ha ordenado, según la información que se reciba se suspenderá de manera inmediata sobre otras cuenta de los obligados al pago y se lev;3262;3279;3262;3679
21;535845;Embargo - usuario;10;serán depositadas;Cuenta_depositar;"serán depositadas en el Banco de la Provincia de Buenos Aires, Sucursal Lomas de Zamora a la cuenta de autos y a la orden de este Juzgado.- LEONARDO RICARDO PUEYJUEZ"".-
Sin otro particular lo saluda muy atte

Para verificar la notificación, y las copias de traslado si las hubiere, ingrese a:
https:notificaciones.scba.gov.ar/verificar.aspx
Su código de verificación es: WP3Y3RH5";3724;3741;3724;4103
22;536718;Embargo - usuario;1;embargo sobre la Cuenta;Datos_Embargado;"embargo sobre la Cuenta con ID de usuario 63261800 y CVU 0000003100154549693219, perteneciente a GROSSO JUAN JOSE DNI 14.748.434 de Mercado Pago; hasta cubrir las sumas de $336.894, con más el 50 % de dicha suma, en la medida que no se trate de una cuenta sueldo o depósito de remuneraciones que sean inembargables. Para este supuesto de que la cuenta estuviese destinada al pago de sueldos o remuneraciones, deberá la enti";1379;1402;1379;1802
22;536718;Embargo - usuario;2;hasta cubrir las sumas;Montos;"hasta cubrir las sumas de $336.894, con más el 50 % de dicha suma, en la medida que no se trate de una cuenta sueldo o depósito de remuneraciones que sean inembargables. Para este supuesto de que la cuenta estuviese destinada al pago de sueldos o remuneraciones, deberá la entidad informar el depositante o empleador.
Las sumas retenidas deberán ser depositadas en el Banco de la Provincia de Buenos Aires-Sucursal Tribuna";1525;1547;1525;1947
22;536718;Embargo - usuario;3;hasta cubrir;Montos;"hasta cubrir las sumas de $336.894, con más el 50 % de dicha suma, en la medida que no se trate de una cuenta sueldo o depósito de remuneraciones que sean inembargables. Para este supuesto de que la cuenta estuviese destinada al pago de sueldos o remuneraciones, deberá la entidad informar el depositante o empleador.
Las sumas retenidas deberán ser depositadas en el Banco de la Provincia de Buenos Aires-Sucurs";1525;1537;1525;1937
22;536718;Embargo - usuario;4;deberán ser depositadas;Cuenta_depositar;"deberán ser depositadas en el Banco de la Provincia de Buenos Aires-Sucursal Tribunales La Plata, en cuenta de estos autos Nro. 2050- 027-0167150/0 (Prop.: 1047529) CBU: 0140114727205016715004 CUIT 30-70721665-0 , a la orden de este Juzgado y Secretaría de Apremios.-
La providencia que ordena el presente dice:""La Plata, 12 de febrero de 2026.-Bajo la responsabilidad de la parte actora, y hasta cubrir las sumas de $336.8";1863;1886;1863;2286
22;536718;Embargo - usuario;5;hasta cubrir las sumas;Montos;hasta cubrir las sumas de $336.894 -conforme sentencia de fecha 25/10/2022 -en concepto de capital reclamado en autos, con mas el 50 % que se presupuestan para cubrir intereses y costas de la ejecución, decretarse embargo sobre la Cuenta con ID de usuario 63261800, y CVU 0000003100154549693219 perteneciente al demandado GROSSO JUAN JOSE DNI 14.748.434 de Mercado Pago, en la medida que no se trate de una cuenta sueldo o;2254;2276;2254;2676
22;536718;Embargo - usuario;6;hasta cubrir;Montos;hasta cubrir las sumas de $336.894 -conforme sentencia de fecha 25/10/2022 -en concepto de capital reclamado en autos, con mas el 50 % que se presupuestan para cubrir intereses y costas de la ejecución, decretarse embargo sobre la Cuenta con ID de usuario 63261800, y CVU 0000003100154549693219 perteneciente al demandado GROSSO JUAN JOSE DNI 14.748.434 de Mercado Pago, en la medida que no se trate de una cuent;2254;2266;2254;2666
22;536718;Embargo - usuario;7;embargo sobre la Cuenta;Datos_Embargado;embargo sobre la Cuenta con ID de usuario 63261800, y CVU 0000003100154549693219 perteneciente al demandado GROSSO JUAN JOSE DNI 14.748.434 de Mercado Pago, en la medida que no se trate de una cuenta sueldo o depósito de remuneraciones que sean inembargables. Para este supuesto de que la cuenta estuviese destinada al pago de sueldos o remuneraciones, deberá la entidad informar el depositante o empleador. A cuyo fin libr;2468;2491;2468;2891
22;536718;Embargo - usuario;8;deberán ser depositadas;Cuenta_depositar;"deberán ser depositadas en una cuenta a nombre de autos y a la orden de este Juzgado y Secretaría de Apremios, en el Banco de la Provincia de Buenos Aires, Sucursal Tribunales de La Plata. Procédase por Secretaría a la confección y libramiento de oficio de apertura de cuenta bancaria.-Fdo.:Dra. María Cecilia Valeros-Juez"".-
Se encuentran autorizados para su diligenciamiento el Dr. Félix Eugenio Orellana y/o los Sres. Ma";2990;3013;2990;3413
23;536742;Embargo - usuario;1;trabar embargo;Datos_Embargado;trabar embargo sobre las cuentas de las que es titular en esa entidad quién más abajo se individualiza como embargado y por el monto que también se indica. - Dicha medida fue ordenada sobre los fondos presentes y futuros que tenga invertidos en cuotas partes del Fondo común de inversión Mercado Fondos administrado por Mercado Pago Asset Management S.A, el demandado en autos ESTER JOAQUINA PRATS, con DNI 1053372;589;603;589;1003
23;536742;Embargo - usuario;2;sobre los fondos;Datos_Embargado;"sobre los fondos presentes y futuros que tenga invertidos en cuotas partes del Fondo común de inversión Mercado Fondos administrado por Mercado Pago Asset Management S.A, el demandado en autos ESTER JOAQUINA PRATS, con DNI 10533729 a su nombre y fueran suceptibles de ser embargadas, salvo en caso de tratarse de una cuenta para el depósito de haberes.-

El embargo deberá trabarse hasta cubrir las sumas de $6.164,9";773;789;773;1189
23;536742;Embargo - usuario;3;hasta cubrir las sumas;Montos;"hasta cubrir las sumas de $6.164,91.- (pesos seis mil ciento sesenta y cuatro con 91/100) en concepto de accesorias.-

Las sumas retenidas, deberán ser depositadas en la cuenta judicial L°788, F° 005, Dv 0, con CBU 0290075900203078800051, especialmente abierta al efecto en las actuaciones citadas y a la orden del Juez interviniente, en el Banco de la Ciudad de Buenos Aires, Sucursal Tribunales, CUIT Nº 30-99903208-3..
";1155;1177;1155;1577
23;536742;Embargo - usuario;4;hasta cubrir;Montos;"hasta cubrir las sumas de $6.164,91.- (pesos seis mil ciento sesenta y cuatro con 91/100) en concepto de accesorias.-

Las sumas retenidas, deberán ser depositadas en la cuenta judicial L°788, F° 005, Dv 0, con CBU 0290075900203078800051, especialmente abierta al efecto en las actuaciones citadas y a la orden del Juez interviniente, en el Banco de la Ciudad de Buenos Aires, Sucursal Tribunales, CUIT Nº 30-999";1155;1167;1155;1567
23;536742;Embargo - usuario;5;deberán ser depositadas;Cuenta_depositar;"deberán ser depositadas en la cuenta judicial L°788, F° 005, Dv 0, con CBU 0290075900203078800051, especialmente abierta al efecto en las actuaciones citadas y a la orden del Juez interviniente, en el Banco de la Ciudad de Buenos Aires, Sucursal Tribunales, CUIT Nº 30-99903208-3..

Se encuentran autorizados a diligenciar el presente : Dres. Leonardo Javier Ferreiro, Miguel Angel Moreno, Pedro Cruz Santos Fontanet; Feder";1295;1318;1295;1718
23;536742;Embargo - usuario;6;cuenta judicial;Cuenta_depositar;"cuenta judicial L°788, F° 005, Dv 0, con CBU 0290075900203078800051, especialmente abierta al efecto en las actuaciones citadas y a la orden del Juez interviniente, en el Banco de la Ciudad de Buenos Aires, Sucursal Tribunales, CUIT Nº 30-99903208-3..

Se encuentran autorizados a diligenciar el presente : Dres. Leonardo Javier Ferreiro, Miguel Angel Moreno, Pedro Cruz Santos Fontanet; Federico G. Garcia Cabello,";1325;1340;1325;1740
23;536742;Embargo - usuario;7;trabese embargo;Datos_Embargado;trábese embargo sobre todo tipo de cuenta que la Sra. Ester Joaquina Prats, D.N .I. 10.533.729 tenga invertidos en cuota partes del Fondo común de inversión Mercado Fondos administrado por Mercado Pago Asset Management S.A., CUIT 33-71862856-9, con domicilio en Av. Caseros 3039, Piso 2, Ciudad Autónoma de Buenos Aires, a cuyo fin librese oficio. Por lo demás, déjese constancia en la pieza a librarse el procedimi;2165;2180;2165;2580
24;535814;Embargo - usuario;1;cuentas que;Datos_Embargado;"cuentas que posea la demandada Nancy Mariela Benedetti, DNI. 25.688.264 en ""Mercado Pago"", por la suma de pesos treinta y cinco millones ($35.000.000) que se estima suficiente para hacer frente al reclamo, intereses y costas. Las sumas establecidas deberán depositarse en Cuenta Judicial: N° 027-0539690/2 Siendo el CBU 0140036627710353969026 Número de CUIT asociado 30-70721665-0 (PODER JUDICIAL) a nombre del ";1402;1413;1402;1813
24;535814;Embargo - usuario;2;por la suma;Montos;"por la suma de pesos treinta y cinco millones ($35.000.000) que se estima suficiente para hacer frente al reclamo, intereses y costas. Las sumas establecidas deberán depositarse en Cuenta Judicial: N° 027-0539690/2 Siendo el CBU 0140036627710353969026 Número de CUIT asociado 30-70721665-0 (PODER JUDICIAL) a nombre del juzgado y como perteneciente a estos actuados.

El auto que ordena la presente medida dice ";1493;1504;1493;1904
24;535814;Embargo - usuario;3;deberán depositarse;Cuenta_depositar;"deberán depositarse en Cuenta Judicial: N° 027-0539690/2 Siendo el CBU 0140036627710353969026 Número de CUIT asociado 30-70721665-0 (PODER JUDICIAL) a nombre del juzgado y como perteneciente a estos actuados.

El auto que ordena la presente medida dice en su parte pertinente: ""Conforme lo solicitado y lo dispuesto en los arts. 63 y 212, inc. 1° del CPCC, bajo responsabilidad de parte actora, quien deberá responder c";1651;1670;1651;2070
24;535814;Embargo - usuario;4;cuenta judicial;Cuenta_depositar;"Cuenta Judicial: N° 027-0539690/2 Siendo el CBU 0140036627710353969026 Número de CUIT asociado 30-70721665-0 (PODER JUDICIAL) a nombre del juzgado y como perteneciente a estos actuados.

El auto que ordena la presente medida dice en su parte pertinente: ""Conforme lo solicitado y lo dispuesto en los arts. 63 y 212, inc. 1° del CPCC, bajo responsabilidad de parte actora, quien deberá responder con sus bienes en ca";1674;1689;1674;2089
24;535814;Embargo - usuario;5;decretase embargo sobre;Datos_Embargado;"decretáse embargo sobre las cuentas que posea la demandada Nancy Mariela Benedetti, DNI. 25.688.264 en ""Mercado Pago"", por la suma de pesos treinta y cinco millones ($35.000.000) que se estima suficiente para hacer frente al reclamo, intereses y costas. Las sumas embargadas, deberán ser depositadas en la cuenta que se abrirá a tal efecto en el Banco de la Provincia de Buenos Aires, sucursal Zárate, a la orden del juzgad";2125;2148;2125;2548
24;535814;Embargo - usuario;6;decrétase embargo;Datos_Embargado;"decretáse embargo sobre las cuentas que posea la demandada Nancy Mariela Benedetti, DNI. 25.688.264 en ""Mercado Pago"", por la suma de pesos treinta y cinco millones ($35.000.000) que se estima suficiente para hacer frente al reclamo, intereses y costas. Las sumas embargadas, deberán ser depositadas en la cuenta que se abrirá a tal efecto en el Banco de la Provincia de Buenos Aires, sucursal Zárate, a la orden del ";2125;2142;2125;2542
24;535814;Embargo - usuario;7;cuentas que;Datos_Embargado;"cuentas que posea la demandada Nancy Mariela Benedetti, DNI. 25.688.264 en ""Mercado Pago"", por la suma de pesos treinta y cinco millones ($35.000.000) que se estima suficiente para hacer frente al reclamo, intereses y costas. Las sumas embargadas, deberán ser depositadas en la cuenta que se abrirá a tal efecto en el Banco de la Provincia de Buenos Aires, sucursal Zárate, a la orden del juzgado y como pertene";2153;2164;2153;2564
24;535814;Embargo - usuario;8;por la suma;Montos;por la suma de pesos treinta y cinco millones ($35.000.000) que se estima suficiente para hacer frente al reclamo, intereses y costas. Las sumas embargadas, deberán ser depositadas en la cuenta que se abrirá a tal efecto en el Banco de la Provincia de Buenos Aires, sucursal Zárate, a la orden del juzgado y como pertenecientes a estos actuados. A tal fin, librese oficio a la citada entidad bancaria con las co;2244;2255;2244;2655
24;535814;Embargo - usuario;9;deberán ser depositadas;Cuenta_depositar;deberán ser depositadas en la cuenta que se abrirá a tal efecto en el Banco de la Provincia de Buenos Aires, sucursal Zárate, a la orden del juzgado y como pertenecientes a estos actuados. A tal fin, librese oficio a la citada entidad bancaria con las constancias del caso, haciéndosele saber que deberá congelar, a partir de la recepción de la presente manda judicial, todo egreso de dinero perteneciente a la cuenta del d;2401;2424;2401;2824
25;518796;Embargo - usuario;1;sobre los fondos;Datos_Embargado;"sobre los fondos que el demandado CHARIANO LEONARDO GABRIEL (DNI: 28.731.512; CUIT: 20-28731512-1) posea o se depositen en el futuro en caja de ahorro, cuenta corriente y/o plazo fijo en MERCADO PAGO SA, hasta cubrir la suma de $ 15.968.157,23 (PESOS QUINCE MILLONES NOVECIENTOS SESENTA Y OCHO MIL CIENTO CINCUENTA Y SIETE CON VEINTITRES CENTAVOS) en concepto de Capital, Honorarios y Aportes de la representación le";1356;1372;1356;1772
25;518796;Embargo - usuario;2;hasta cubrir la suma;Montos;hasta cubrir la suma de $ 15.968.157,23 (PESOS QUINCE MILLONES NOVECIENTOS SESENTA Y OCHO MIL CIENTO CINCUENTA Y SIETE CON VEINTITRES CENTAVOS) en concepto de Capital, Honorarios y Aportes de la representación letrada de la parte actora, con más la suma de $ 7.984.078,61 (PESOS SIETE MILLONES NOVECIENTOS OCHENTA Y CUATRO MIL SETENTA Y OCHO CON SESENTA Y UN CENTAVOS) que se presupuestan provisoriamente para intereses ;1560;1580;1560;1980
25;518796;Embargo - usuario;3;hasta cubrir;Montos;hasta cubrir la suma de $ 15.968.157,23 (PESOS QUINCE MILLONES NOVECIENTOS SESENTA Y OCHO MIL CIENTO CINCUENTA Y SIETE CON VEINTITRES CENTAVOS) en concepto de Capital, Honorarios y Aportes de la representación letrada de la parte actora, con más la suma de $ 7.984.078,61 (PESOS SIETE MILLONES NOVECIENTOS OCHENTA Y CUATRO MIL SETENTA Y OCHO CON SESENTA Y UN CENTAVOS) que se presupuestan provisoriamente para in;1560;1572;1560;1972
25;518796;Embargo - usuario;4;cubrir la suma;Montos;cubrir la suma de $ 15.968.157,23 (PESOS QUINCE MILLONES NOVECIENTOS SESENTA Y OCHO MIL CIENTO CINCUENTA Y SIETE CON VEINTITRES CENTAVOS) en concepto de Capital, Honorarios y Aportes de la representación letrada de la parte actora, con más la suma de $ 7.984.078,61 (PESOS SIETE MILLONES NOVECIENTOS OCHENTA Y CUATRO MIL SETENTA Y OCHO CON SESENTA Y UN CENTAVOS) que se presupuestan provisoriamente para intereses ;1566;1580;1566;1980
25;518796;Embargo - usuario;5;cuenta judicial;Cuenta_depositar;"CUENTA JUDICIAL EN PESOS (CUIT PODER JUDICIAL 30707216650) cuyo N° de Cuenta es 5120-027-6175510 CBU 0140042727512061755104

Asimismo, deberá informar oportunamente a este Tribunal el resultado de la medida ordenada.

Como recaudo se transcribe el auto que ordena la medida: San Justo, 17 DE NOVIEMBRE DE 2025. Proveyendo la presentación de fecha 5 de Noviembre de 2025: De conformidad con lo solicitado y atento el";2142;2157;2142;2557
25;518796;Embargo - usuario;6;decretase embargo sobre;Datos_Embargado;"DECRETASE EMBARGO sobre los fondos que el demandado CHARIANO LEONARDO GABRIEL (DNI: 28.731.512; CUIT: 20-28731512-1) posea o se depositen en el futuro en caja de ahorro, cuenta corriente y/o plazo fijo en MERCADO PAGO SA, hasta cubrir la suma de $ 15.968.157,23 (PESOS QUINCE MILLONES NOVECIENTOS SESENTA Y OCHO MIL CIENTO CINCUENTA Y SIETE CON VEINTITRES CENTAVOS) en concepto de Capital, Honorarios y Aportes de la repres";2575;2598;2575;2998
25;518796;Embargo - usuario;7;decrétase embargo;Datos_Embargado;"DECRETASE EMBARGO sobre los fondos que el demandado CHARIANO LEONARDO GABRIEL (DNI: 28.731.512; CUIT: 20-28731512-1) posea o se depositen en el futuro en caja de ahorro, cuenta corriente y/o plazo fijo en MERCADO PAGO SA, hasta cubrir la suma de $ 15.968.157,23 (PESOS QUINCE MILLONES NOVECIENTOS SESENTA Y OCHO MIL CIENTO CINCUENTA Y SIETE CON VEINTITRES CENTAVOS) en concepto de Capital, Honorarios y Aportes de la ";2575;2592;2575;2992
25;518796;Embargo - usuario;8;sobre los fondos;Datos_Embargado;"sobre los fondos que el demandado CHARIANO LEONARDO GABRIEL (DNI: 28.731.512; CUIT: 20-28731512-1) posea o se depositen en el futuro en caja de ahorro, cuenta corriente y/o plazo fijo en MERCADO PAGO SA, hasta cubrir la suma de $ 15.968.157,23 (PESOS QUINCE MILLONES NOVECIENTOS SESENTA Y OCHO MIL CIENTO CINCUENTA Y SIETE CON VEINTITRES CENTAVOS) en concepto de Capital, Honorarios y Aportes de la representación le";2593;2609;2593;3009
25;518796;Embargo - usuario;9;hasta cubrir la suma;Montos;hasta cubrir la suma de $ 15.968.157,23 (PESOS QUINCE MILLONES NOVECIENTOS SESENTA Y OCHO MIL CIENTO CINCUENTA Y SIETE CON VEINTITRES CENTAVOS) en concepto de Capital, Honorarios y Aportes de la representación letrada de la parte actora, con más la suma de $ 7.984.078,61 (PESOS SIETE MILLONES NOVECIENTOS OCHENTA Y CUATRO MIL SETENTA Y OCHO CON SESENTA Y UN CENTAVOS) que se presupuestan provisoriamente para intereses ;2797;2817;2797;3217
25;518796;Embargo - usuario;10;hasta cubrir;Montos;hasta cubrir la suma de $ 15.968.157,23 (PESOS QUINCE MILLONES NOVECIENTOS SESENTA Y OCHO MIL CIENTO CINCUENTA Y SIETE CON VEINTITRES CENTAVOS) en concepto de Capital, Honorarios y Aportes de la representación letrada de la parte actora, con más la suma de $ 7.984.078,61 (PESOS SIETE MILLONES NOVECIENTOS OCHENTA Y CUATRO MIL SETENTA Y OCHO CON SESENTA Y UN CENTAVOS) que se presupuestan provisoriamente para in;2797;2809;2797;3209
25;518796;Embargo - usuario;11;cubrir la suma;Montos;cubrir la suma de $ 15.968.157,23 (PESOS QUINCE MILLONES NOVECIENTOS SESENTA Y OCHO MIL CIENTO CINCUENTA Y SIETE CON VEINTITRES CENTAVOS) en concepto de Capital, Honorarios y Aportes de la representación letrada de la parte actora, con más la suma de $ 7.984.078,61 (PESOS SIETE MILLONES NOVECIENTOS OCHENTA Y CUATRO MIL SETENTA Y OCHO CON SESENTA Y UN CENTAVOS) que se presupuestan provisoriamente para intereses ;2803;2817;2803;3217
25;518796;Embargo - usuario;12;deberán ser transferidas;Cuenta_depositar;"deberán ser transferidas al Banco de la Provincia de Buenos Aires, Sucursal San Justo (5120), a la orden de este Tribunal y como pertenecientes a estos autos. Queda a cargo del ejecutante la confección y el diligenciamiento del mismo.....Fdo: ANDREA SPRAGGON PERCIAVALLE. Jueza

Sin otro particular, saludo a Ud muy atte.

Para verificar la notificación, y las copias de traslado si las hubiere, ingrese a:
https:notificacio";3327;3351;3327;3751
26;495683;Embargo - usuario;1;hasta cubrir la suma;Montos;"hasta cubrir la suma de PESOS CIENTO VEINTE MIL ($ 120.000), en concepto de capital de sentencia con más su presupuestada. Las sumas embargadas deberán ser depositadas en la cuenta judicial 6598 - 5375975/ - CBU 014048257659853759756. CUIT PODER JUDICIAL: 30-70721665-0, abierta en el Banco de la Provincia de Buenos Aires, Sucursal Tribunales de San Nicolás, a nombre de estos autos y orden del proveyente.-
Como recaud";2347;2367;2347;2767
26;495683;Embargo - usuario;2;hasta cubrir;Montos;"hasta cubrir la suma de PESOS CIENTO VEINTE MIL ($ 120.000), en concepto de capital de sentencia con más su presupuestada. Las sumas embargadas deberán ser depositadas en la cuenta judicial 6598 - 5375975/ - CBU 014048257659853759756. CUIT PODER JUDICIAL: 30-70721665-0, abierta en el Banco de la Provincia de Buenos Aires, Sucursal Tribunales de San Nicolás, a nombre de estos autos y orden del proveyente.-
Com";2347;2359;2347;2759
26;495683;Embargo - usuario;3;cubrir la suma;Montos;"cubrir la suma de PESOS CIENTO VEINTE MIL ($ 120.000), en concepto de capital de sentencia con más su presupuestada. Las sumas embargadas deberán ser depositadas en la cuenta judicial 6598 - 5375975/ - CBU 014048257659853759756. CUIT PODER JUDICIAL: 30-70721665-0, abierta en el Banco de la Provincia de Buenos Aires, Sucursal Tribunales de San Nicolás, a nombre de estos autos y orden del proveyente.-
Como recaud";2353;2367;2353;2767
26;495683;Embargo - usuario;4;deberán ser depositadas;Cuenta_depositar;"deberán ser depositadas en la cuenta judicial 6598 - 5375975/ - CBU 014048257659853759756. CUIT PODER JUDICIAL: 30-70721665-0, abierta en el Banco de la Provincia de Buenos Aires, Sucursal Tribunales de San Nicolás, a nombre de estos autos y orden del proveyente.-
Como recaudo transcribo a continuación la providencia que ordena la medida y autoriza el presente: ""San Nicolás , 16 de Diciembre de 2025. Téngase presente lo";2491;2514;2491;2914
26;495683;Embargo - usuario;5;cuenta judicial;Cuenta_depositar;"cuenta judicial 6598 - 5375975/ - CBU 014048257659853759756. CUIT PODER JUDICIAL: 30-70721665-0, abierta en el Banco de la Provincia de Buenos Aires, Sucursal Tribunales de San Nicolás, a nombre de estos autos y orden del proveyente.-
Como recaudo transcribo a continuación la providencia que ordena la medida y autoriza el presente: ""San Nicolás , 16 de Diciembre de 2025. Téngase presente lo manifestado y, confor";2521;2536;2521;2936
26;495683;Embargo - usuario;6;decrétase embargo;Datos_Embargado;"decretáse embargo ejecutivo sobre cuentas y activos, fondos o valores de cualquier tipo, fondos comunes de inversión, en moneda nacional o extranjera, o en metal con valor de cambio cuya titularidad o cotitularidad; incluyendo los depósitos o saldos en cuentas corrientes, plazos fijos, cajas de ahorro u otras remuneraciones; o los que provengan de dividendos u operaciones con acciones, títulos públicos o privados,";2972;2989;2972;3389
26;495683;Embargo - usuario;7;hasta cubrir la suma;Montos;"hasta cubrir la suma de pesos ciento veinte mil ($120.000) en concepto de capital de sentencia con más su presupuestada, la que será depositada en la cuenta n°: 6598 - 5375975/ - CBU 014048257659853759756 - abierta en el Banco de la Provincia de Buenos Aires, Sucursal Tribunales de San Nicolás, a nombre de autos y orden del proveyente. Para su cumplimiento, ofíciese en su forma de estilo. PRAT Hernan Victor. JUEZ""
Se";3463;3483;3463;3883
26;495683;Embargo - usuario;8;hasta cubrir;Montos;hasta cubrir la suma de pesos ciento veinte mil ($120.000) en concepto de capital de sentencia con más su presupuestada, la que será depositada en la cuenta n°: 6598 - 5375975/ - CBU 014048257659853759756 - abierta en el Banco de la Provincia de Buenos Aires, Sucursal Tribunales de San Nicolás, a nombre de autos y orden del proveyente. Para su cumplimiento, ofíciese en su forma de estilo. PRAT Hernan Victor. ;3463;3475;3463;3875
26;495683;Embargo - usuario;9;cubrir la suma;Montos;"cubrir la suma de pesos ciento veinte mil ($120.000) en concepto de capital de sentencia con más su presupuestada, la que será depositada en la cuenta n°: 6598 - 5375975/ - CBU 014048257659853759756 - abierta en el Banco de la Provincia de Buenos Aires, Sucursal Tribunales de San Nicolás, a nombre de autos y orden del proveyente. Para su cumplimiento, ofíciese en su forma de estilo. PRAT Hernan Victor. JUEZ""
Se";3469;3483;3469;3883
26;495683;Embargo - usuario;10;depositada en la cuenta;Cuenta_depositar;"depositada en la cuenta n°: 6598 - 5375975/ - CBU 014048257659853759756 - abierta en el Banco de la Provincia de Buenos Aires, Sucursal Tribunales de San Nicolás, a nombre de autos y orden del proveyente. Para su cumplimiento, ofíciese en su forma de estilo. PRAT Hernan Victor. JUEZ""
Se deja constancia que el presente oficio fue suscripto por firma digital en los términos de acuerdo 3997/20 SCBA. El oficiado podrá verif";3596;3619;3596;4019
27;516903;Embargo - usuario;1;sobre los fondos;Datos_Embargado;"sobre los fondos presentes y futuros que tenga invertidos en cuotas partes del Fondo común de inversión Mercado Fondos administrado por Mercado Pago Asset Management S.A, el demandado

Poder Judicial de la Nación
JUZGADO COMERCIAL 4 - SECRETARIA N° 7
BBVA BANCO FRANCES S.A. c/ GONZALEZ FERNANDO MARTIN
s/EJECUTIVO. Expediente N° 50960/2008

en autos FERNANDO MARTIN GONZALEZ, con DNI 27680733 a su nombre y fueran s";1006;1022;1006;1422
27;516903;Embargo - usuario;2;hasta cubrir las sumas;Montos;hasta cubrir las sumas de $ 4.658,49.- en concepto de capital, con más la suma de $ 25.000.- presupuestada para intereses y costas.- Las sumas retenidas, deberán ser depositadas en la cuenta judicial L° 770, F° 006, DV 5, con CBU 0290075900207077000061, especialmente abierta al efecto en las actuaciones citadas y a la orden del Juez interviniente, en el Banco de la Ciudad de Buenos Aires, Sucursal Tribunales. CUIT N° 3;1481;1503;1481;1903
27;516903;Embargo - usuario;3;hasta cubrir;Montos;hasta cubrir las sumas de $ 4.658,49.- en concepto de capital, con más la suma de $ 25.000.- presupuestada para intereses y costas.- Las sumas retenidas, deberán ser depositadas en la cuenta judicial L° 770, F° 006, DV 5, con CBU 0290075900207077000061, especialmente abierta al efecto en las actuaciones citadas y a la orden del Juez interviniente, en el Banco de la Ciudad de Buenos Aires, Sucursal Tribunales.;1481;1493;1481;1893
27;516903;Embargo - usuario;4;deberán ser depositadas;Cuenta_depositar;deberán ser depositadas en la cuenta judicial L° 770, F° 006, DV 5, con CBU 0290075900207077000061, especialmente abierta al efecto en las actuaciones citadas y a la orden del Juez interviniente, en el Banco de la Ciudad de Buenos Aires, Sucursal Tribunales. CUIT N° 30-99903208-3, acreditándolo en el expediente dentro del quinto día.- Se hace saber que en caso de tratarse de una cuenta sueldo deberá trabar la medida en ;1635;1658;1635;2058
27;516903;Embargo - usuario;5;cuenta judicial;Cuenta_depositar;cuenta judicial L° 770, F° 006, DV 5, con CBU 0290075900207077000061, especialmente abierta al efecto en las actuaciones citadas y a la orden del Juez interviniente, en el Banco de la Ciudad de Buenos Aires, Sucursal Tribunales. CUIT N° 30-99903208-3, acreditándolo en el expediente dentro del quinto día.- Se hace saber que en caso de tratarse de una cuenta sueldo deberá trabar la medida en la proporción correspo;1665;1680;1665;2080
27;516903;Embargo - usuario;6;trabese embargo;Datos_Embargado;"trábese embargo sobre fondos depositados y/o los que se depositen en cuenta corriente, caja de ahorro y/o plazos fijos que Fernando Martín González (DNI 27680733) tuviere en Mercado Pago Asset Management S.A, hasta cubrir la suma de $

Poder Judicial de la Nación
JUZGADO COMERCIAL 4 - SECRETARIA Nº 7
BBVA BANCO FRANCES S.A. c/ GONZALEZ FERNANDO MARTIN
s/EJECUTIVO. Expediente Nº 50960/2008

4.658,49.- en concepto";2405;2420;2405;2820
27;516903;Embargo - usuario;7;hasta cubrir la suma;Montos;"hasta cubrir la suma de $

Poder Judicial de la Nación
JUZGADO COMERCIAL 4 - SECRETARIA Nº 7
BBVA BANCO FRANCES S.A. c/ GONZALEZ FERNANDO MARTIN
s/EJECUTIVO. Expediente Nº 50960/2008

4.658,49.- en concepto de capital, con más la suma de $ 25.000,- presupuestada para intereses y costas. Hágase saber a la entidad bancaria que en caso de tratarse de una cuenta sueldo deberá tratar la medida en la proporción correspondi";2614;2634;2614;3034
27;516903;Embargo - usuario;8;hasta cubrir;Montos;"hasta cubrir la suma de $

Poder Judicial de la Nación
JUZGADO COMERCIAL 4 - SECRETARIA Nº 7
BBVA BANCO FRANCES S.A. c/ GONZALEZ FERNANDO MARTIN
s/EJECUTIVO. Expediente Nº 50960/2008

4.658,49.- en concepto de capital, con más la suma de $ 25.000,- presupuestada para intereses y costas. Hágase saber a la entidad bancaria que en caso de tratarse de una cuenta sueldo deberá tratar la medida en la proporción cor";2614;2626;2614;3026
27;516903;Embargo - usuario;9;cubrir la suma;Montos;"cubrir la suma de $

Poder Judicial de la Nación
JUZGADO COMERCIAL 4 - SECRETARIA Nº 7
BBVA BANCO FRANCES S.A. c/ GONZALEZ FERNANDO MARTIN
s/EJECUTIVO. Expediente Nº 50960/2008

4.658,49.- en concepto de capital, con más la suma de $ 25.000,- presupuestada para intereses y costas. Hágase saber a la entidad bancaria que en caso de tratarse de una cuenta sueldo deberá tratar la medida en la proporción correspondi";2620;2634;2620;3034
27;516903;Embargo - usuario;10;deberán depositarse;Cuenta_depositar;deberán depositarse en la cuenta abierta en el Banco Ciudad de Buenos Aires - CUIT: 30-99903208-3: L°770 F° 6 DV 5, CBU: 02900759 -00207077000061, acreditándolo en el expediente dentro del quinto día. Expídase la pieza digitalmente, con firma electrónica, para su posterior diligenciamiento vía DEOX por Secretaría. A tal fin, deberá previamente el interesado digitalizar el oficio para su confronte y suscripción por e;3296;3315;3296;3715
27;516903;Embargo - usuario;11;depositarse en la cuenta;Cuenta_depositar;depositarse en la cuenta abierta en el Banco Ciudad de Buenos Aires - CUIT: 30-99903208-3: L°770 F° 6 DV 5, CBU: 02900759 -00207077000061, acreditándolo en el expediente dentro del quinto día. Expídase la pieza digitalmente, con firma electrónica, para su posterior diligenciamiento vía DEOX por Secretaría. A tal fin, deberá previamente el interesado digitalizar el oficio para su confronte y suscripción por el Juzgado. Fd;3304;3328;3304;3728
28;538120;Embargo - usuario;1;decretado el embargo;Datos_Embargado;"decretado el EMBARGO sobre los fondos que la demandada, NATALIA ANDREA OÑA, DNI 26.294.008, posea, opere y/o invierta en la billetera virtual ""Mercado Pago"", siempre y cuando no se trate de una cuenta sueldo, hasta cubrir la suma de PESOS DOSCIENTOS NOVENTA MIL CUATROCIENTOS DOCE CON OCHENTA Y NUEVE CENTAVOS ($290.412,89) en concepto de capital, con más la suma de PESOS CIENTO CUARENTA Y CINCO MIL DOSCIENTOS SEIS CON";1600;1620;1600;2020
28;538120;Embargo - usuario;2;sobre los fondos;Datos_Embargado;"sobre los fondos que la demandada, NATALIA ANDREA OÑA, DNI 26.294.008, posea, opere y/o invierta en la billetera virtual ""Mercado Pago"", siempre y cuando no se trate de una cuenta sueldo, hasta cubrir la suma de PESOS DOSCIENTOS NOVENTA MIL CUATROCIENTOS DOCE CON OCHENTA Y NUEVE CENTAVOS ($290.412,89) en concepto de capital, con más la suma de PESOS CIENTO CUARENTA Y CINCO MIL DOSCIENTOS SEIS CON CUARENTA Y CUATR";1621;1637;1621;2037
28;538120;Embargo - usuario;3;hasta cubrir la suma;Montos;"hasta cubrir la suma de PESOS DOSCIENTOS NOVENTA MIL CUATROCIENTOS DOCE CON OCHENTA Y NUEVE CENTAVOS ($290.412,89) en concepto de capital, con más la suma de PESOS CIENTO CUARENTA Y CINCO MIL DOSCIENTOS SEIS CON CUARENTA Y CUATRO CENTAVOS ($145.206,44) presupuestada provisoriamente para responder a intereses y costas del juicio.
Cláusula de resguardo: La presente medida deberá hacerse efectiva hasta cubrir la suma to";1809;1829;1809;2229
28;538120;Embargo - usuario;4;hasta cubrir;Montos;"hasta cubrir la suma de PESOS DOSCIENTOS NOVENTA MIL CUATROCIENTOS DOCE CON OCHENTA Y NUEVE CENTAVOS ($290.412,89) en concepto de capital, con más la suma de PESOS CIENTO CUARENTA Y CINCO MIL DOSCIENTOS SEIS CON CUARENTA Y CUATRO CENTAVOS ($145.206,44) presupuestada provisoriamente para responder a intereses y costas del juicio.
Cláusula de resguardo: La presente medida deberá hacerse efectiva hasta cubrir la";1809;1821;1809;2221
28;538120;Embargo - usuario;5;cubrir la suma;Montos;"cubrir la suma de PESOS DOSCIENTOS NOVENTA MIL CUATROCIENTOS DOCE CON OCHENTA Y NUEVE CENTAVOS ($290.412,89) en concepto de capital, con más la suma de PESOS CIENTO CUARENTA Y CINCO MIL DOSCIENTOS SEIS CON CUARENTA Y CUATRO CENTAVOS ($145.206,44) presupuestada provisoriamente para responder a intereses y costas del juicio.
Cláusula de resguardo: La presente medida deberá hacerse efectiva hasta cubrir la suma to";1815;1829;1815;2229
28;538120;Embargo - usuario;6;hasta cubrir la suma;Montos;"hasta cubrir la suma total de $435.619,33. En caso de que la entidad proceda a la traba de fondos, deberá informar de inmediato a este Juzgado el monto retenido. Una vez que se haya cubierto el total de la orden judicial mediante la retención en una o varias cuentas, las restantes entidades deberán abstenerse de continuar con el bloqueo de fondos adicionales o proceder al levantamiento de los excedentes.
Las sumas re";2206;2226;2206;2626
28;538120;Embargo - usuario;7;hasta cubrir;Montos;"hasta cubrir la suma total de $435.619,33. En caso de que la entidad proceda a la traba de fondos, deberá informar de inmediato a este Juzgado el monto retenido. Una vez que se haya cubierto el total de la orden judicial mediante la retención en una o varias cuentas, las restantes entidades deberán abstenerse de continuar con el bloqueo de fondos adicionales o proceder al levantamiento de los excedentes.
Las ";2206;2218;2206;2618
28;538120;Embargo - usuario;8;cubrir la suma;Montos;"cubrir la suma total de $435.619,33. En caso de que la entidad proceda a la traba de fondos, deberá informar de inmediato a este Juzgado el monto retenido. Una vez que se haya cubierto el total de la orden judicial mediante la retención en una o varias cuentas, las restantes entidades deberán abstenerse de continuar con el bloqueo de fondos adicionales o proceder al levantamiento de los excedentes.
Las sumas re";2212;2226;2212;2626
28;538120;Embargo - usuario;9;retencion;Montos;"retención en una o varias cuentas, las restantes entidades deberán abstenerse de continuar con el bloqueo de fondos adicionales o proceder al levantamiento de los excedentes.
Las sumas retenidas deberán ser depositadas en la cuenta judicial N° 027-922850/6, CBU 0140136927509992285062, CUIT 30-70721665-0 del Banco de la Provincia de Buenos Aires, Sucursal Tribunales de San Isidro.
El auto que ordena la medi";2439;2448;2439;2848
28;538120;Embargo - usuario;10;deberán ser depositadas;Cuenta_depositar;"deberán ser depositadas en la cuenta judicial N° 027-922850/6, CBU 0140136927509992285062, CUIT 30-70721665-0 del Banco de la Provincia de Buenos Aires, Sucursal Tribunales de San Isidro.
El auto que ordena la medida dice en su parte pertinente: ""San Isidro, febrero de 2026... Atento lo pedido y por las sumas de PESOS DOSCIENTOS NOVENTA MIL CUATROCIENTOS DOCE CON OCHENTA Y NUEVE CENTAVOS ($ 290.412,89) con más la suma d";2634;2657;2634;3057
28;538120;Embargo - usuario;11;cuenta judicial;Cuenta_depositar;"cuenta judicial N° 027-922850/6, CBU 0140136927509992285062, CUIT 30-70721665-0 del Banco de la Provincia de Buenos Aires, Sucursal Tribunales de San Isidro.
El auto que ordena la medida dice en su parte pertinente: ""San Isidro, febrero de 2026... Atento lo pedido y por las sumas de PESOS DOSCIENTOS NOVENTA MIL CUATROCIENTOS DOCE CON OCHENTA Y NUEVE CENTAVOS ($ 290.412,89) con más la suma de PESOS CIENTO CUARENT";2664;2679;2664;3079
28;538120;Embargo - usuario;12;por las sumas;Montos;por las sumas de PESOS DOSCIENTOS NOVENTA MIL CUATROCIENTOS DOCE CON OCHENTA Y NUEVE CENTAVOS ($ 290.412,89) con más la suma de PESOS CIENTO CUARENTA Y CINCO MIL DOSCIENTOS SEIS CON CUARENTA Y CUATRO CENTAVOS ($145.206,44) que se presupuesta prima facie' para responder a intereses y costas, trábase embargo sobre las sumas de dinero que la demandada tenga o deposite, en cuentas corrientes, caja de ahorro, cuent;2931;2944;2931;3344
28;538120;Embargo - usuario;13;depositada en la cuenta;Cuenta_depositar;"depositada en la cuenta abierta en el Banco de la Provincia de Buenos Aires, Agencia Tribunales de San Isidro. Fdo: PEÑA María Alejandra - JUEZ"".
Se deja constancia que el Juzgado es competente en razón de la materia y territorio. Se autoriza al diligenciamiento a Javier Hernán Petrali, Sandra Fabiana Ávila y/o quien se designe.

Para verificar la notificación, y las copias de traslado si las hubiere, ingrese a:
https:n";3567;3590;3567;3990
29;532501;Embargo - usuario;1;hasta cubrir las sumas;Montos;hasta cubrir las sumas de PESOS DOSCIENTOS CUARENTA Y TRES MIL TRESCIENTOS SETENTA Y SIETE CON TREINTA Y SEIS CENTAVOS ($ 243377.36), que le reclama la actora, según resulta de las copias acompañadas, con más la de PESOS CIENTO VEINTIUNO MIL SEISCIENTOS OCIENTA Y OCHO CON SESENTA Y OCHO CENTAVOS ($ 121638.68), fijada provisoriamente para responder a intereses y costas del juicio. La cantidad indicada, hasta completar e;1867;1889;1867;2289
29;532501;Embargo - usuario;2;hasta cubrir;Montos;hasta cubrir las sumas de PESOS DOSCIENTOS CUARENTA Y TRES MIL TRESCIENTOS SETENTA Y SIETE CON TREINTA Y SEIS CENTAVOS ($ 243377.36), que le reclama la actora, según resulta de las copias acompañadas, con más la de PESOS CIENTO VEINTIUNO MIL SEISCIENTOS OCIENTA Y OCHO CON SESENTA Y OCHO CENTAVOS ($ 121638.68), fijada provisoriamente para responder a intereses y costas del juicio. La cantidad indicada, hasta c;1867;1879;1867;2279
29;532501;Embargo - usuario;3;deberán ser depositadas;Cuenta_depositar;"deberán ser depositadas en la cuenta judicial en pesos N° 027-917610/5. CBU 0140136927509991761057 CUIT 30-70721665-0, en el Banco de la Provincia de Buenos Aires Sucursal Tribunales de SAN ISIDRO a nombre de estos autos y a la orden de este Juzgado.
El auto que ordena la medida dice en su parte pertinente: ""San Isidro, 12 de Agosto de 2024... De conformidad con lo solicitado, trátense embargo sobre los fondos depositad";2354;2377;2354;2777
29;532501;Embargo - usuario;4;cuenta judicial;Cuenta_depositar;"cuenta judicial en pesos N° 027-917610/5. CBU 0140136927509991761057 CUIT 30-70721665-0, en el Banco de la Provincia de Buenos Aires Sucursal Tribunales de SAN ISIDRO a nombre de estos autos y a la orden de este Juzgado.
El auto que ordena la medida dice en su parte pertinente: ""San Isidro, 12 de Agosto de 2024... De conformidad con lo solicitado, trátense embargo sobre los fondos depositados a nombre del ejecut";2384;2399;2384;2799
29;532501;Embargo - usuario;5;sobre los fondos;Datos_Embargado;"sobre los fondos depositados a nombre del ejecutado en la billetera virtual Mercado Pago, hasta cubrir la suma $243,377.36 reclamada en autos, con más el 50% presupuestado para responder, intereses, costos y costas.
La medida se trará siempre que se encuentre abierta a nombre del demandado, existan fondos disponibles a su orden y no se depositen allí haberes o jubilaciones. A tal fin, librese oficio.
Dájese const";2751;2767;2751;3167
29;532501;Embargo - usuario;6;hasta cubrir la suma;Montos;"hasta cubrir la suma $243,377.36 reclamada en autos, con más el 50% presupuestado para responder, intereses, costos y costas.
La medida se trará siempre que se encuentre abierta a nombre del demandado, existan fondos disponibles a su orden y no se depositen allí haberes o jubilaciones. A tal fin, librese oficio.
Dájese constancia en el instrumento a librarse que las sumas embargadas deberán ser depositadas en la cuen";2841;2861;2841;3261
29;532501;Embargo - usuario;7;hasta cubrir;Montos;"hasta cubrir la suma $243,377.36 reclamada en autos, con más el 50% presupuestado para responder, intereses, costos y costas.
La medida se trará siempre que se encuentre abierta a nombre del demandado, existan fondos disponibles a su orden y no se depositen allí haberes o jubilaciones. A tal fin, librese oficio.
Dájese constancia en el instrumento a librarse que las sumas embargadas deberán ser depositadas en";2841;2853;2841;3253
29;532501;Embargo - usuario;8;cubrir la suma;Montos;"cubrir la suma $243,377.36 reclamada en autos, con más el 50% presupuestado para responder, intereses, costos y costas.
La medida se trará siempre que se encuentre abierta a nombre del demandado, existan fondos disponibles a su orden y no se depositen allí haberes o jubilaciones. A tal fin, librese oficio.
Dájese constancia en el instrumento a librarse que las sumas embargadas deberán ser depositadas en la cuen";2847;2861;2847;3261
29;532501;Embargo - usuario;9;a nombre del demandado;Datos_Embargado;"a nombre del demandado, existan fondos disponibles a su orden y no se depositen allí haberes o jubilaciones. A tal fin, librese oficio.
Dájese constancia en el instrumento a librarse que las sumas embargadas deberán ser depositadas en la cuenta judicial a abrirse en autos. (...) IGLESIAS María Laura - JUEZ
Se deja constancia que el Juzgado es competente en razón del monto, materia y territorio.
Se autoriza al diligenci";3019;3041;3019;3441
29;532501;Embargo - usuario;10;deberán ser depositadas;Cuenta_depositar;"deberán ser depositadas en la cuenta judicial a abrirse en autos. (...) IGLESIAS María Laura - JUEZ
Se deja constancia que el Juzgado es competente en razón del monto, materia y territorio.
Se autoriza al diligenciamiento del presente oficio al Javier Hernán Petralli T° XVII F°433 C.A S.M y/o Sandra Fabiana Avila DNI 21093417 y/o Mauro Nicolas Cordoba DNI 32860976; integrantes de este estudio a requerir los autos por M.";3227;3250;3227;3650
29;532501;Embargo - usuario;11;cuenta judicial;Cuenta_depositar;"cuenta judicial a abrirse en autos. (...) IGLESIAS María Laura - JUEZ
Se deja constancia que el Juzgado es competente en razón del monto, materia y territorio.
Se autoriza al diligenciamiento del presente oficio al Javier Hernán Petralli T° XVII F°433 C.A S.M y/o Sandra Fabiana Avila DNI 21093417 y/o Mauro Nicolas Cordoba DNI 32860976; integrantes de este estudio a requerir los autos por M.E. y/o quien se design";3257;3272;3257;3672
30;503824;Embargo - usuario;1;hasta cubrir las sumas;Montos;"hasta cubrir las sumas de PESOS CIENTO CINCUENTA Y SIETE MIL NOVECIENTOS DIECISIETE CON 25/100 ($ 157.917,25-) en concepto de saldo de liquidación insoluto, con más la de PESOS DOSCIENTOS CINCUENTA MIL ($ 250.000) que se presupuestan por accesorios, decretase embargo sobre las sumas que el ejecutado tenga depositadas, como así las que en el futuro puedan depositarse y/o acreditarse, en cuentas de su titularidad en ""Mer";2261;2283;2261;2683
30;503824;Embargo - usuario;2;hasta cubrir;Montos;hasta cubrir las sumas de PESOS CIENTO CINCUENTA Y SIETE MIL NOVECIENTOS DIECISIETE CON 25/100 ($ 157.917,25-) en concepto de saldo de liquidación insoluto, con más la de PESOS DOSCIENTOS CINCUENTA MIL ($ 250.000) que se presupuestan por accesorios, decretase embargo sobre las sumas que el ejecutado tenga depositadas, como así las que en el futuro puedan depositarse y/o acreditarse, en cuentas de su titularid;2261;2273;2261;2673
30;503824;Embargo - usuario;3;decretase embargo sobre;Datos_Embargado;"decretase embargo sobre las sumas que el ejecutado tenga depositadas, como así las que en el futuro puedan depositarse y/o acreditarse, en cuentas de su titularidad en ""Mercado Pago S.A."", debiendo la entidad oficiada proceder al transferencia de dichos montos en la cuenta especial judicial del Banco de la Provincia de Buenos Aires, sucursal Campana, a nombre de estos autos y a la orden de la Titular del Juzgado (N° de ";2511;2534;2511;2934
30;503824;Embargo - usuario;4;decrétase embargo;Datos_Embargado;"decretase embargo sobre las sumas que el ejecutado tenga depositadas, como así las que en el futuro puedan depositarse y/o acreditarse, en cuentas de su titularidad en ""Mercado Pago S.A."", debiendo la entidad oficiada proceder al transferencia de dichos montos en la cuenta especial judicial del Banco de la Provincia de Buenos Aires, sucursal Campana, a nombre de estos autos y a la orden de la Titular del Juzgado (";2511;2528;2511;2928
30;503824;Embargo - usuario;5;cuenta judicial;Cuenta_depositar;"cuenta judicial (CBU y número de cuenta).Fdo.OSCAR JUAN ARAOZ,JUEZ""

AUTORIZADOS: IRMA MARIA VILLANUEVA y/o LUIS JAVIER BILBAO y/o FACUNDO JOEL LOGRIppo y/o CARLOS FERNANDO CICHELLO QUIROS y/o CARMEN MARCELA ALVAREZ FAVALE y/o las personas que ellos designen.
La cantidad indicada, la menor existente y las que se ingresen en el futuro hasta completar el importe

total de la medida, deberán ser depositadas en el B";3205;3220;3205;3620
30;503824;Embargo - usuario;6;deberán ser depositadas;Cuenta_depositar;"deberán ser depositadas en el Banco de la Provincia de Buenos Aires, Sucursal Campana, en la cuenta N° 527208/5 CBU 01400250 27713652720859, abierta a la orden de éste Juzgado y Secretaría y como pertenecientes a estos autos. Igualmente se notifica, que la cuenta corriente y/o caja de ahorro deberá quedar embargada hasta haberse integrado el total de la suma por la cual se decretó el embargo.
Sin otro particular, saludo";3589;3612;3589;4012
31;536750;Embargo - usuario;1;traba del embargo;Datos_Embargado;traba del embargo ejecutorio por la suma de UN MILLON NOVECIENTOS VEINTIUN MIL QUINIENTOS VEINTICUATRO PESOS ARGENTINOS ($1.921.524,00), equivalentes a VEINTIDOS (22) UMAS de conformidad con la Resolución SGA 36/26, con mas la de QUINIENTOS SETENTA Y SEIS MIL CUATROCIENTOS CINCUENTA Y SIETE PESOS ARGENTINOS ($576.457,00), que se presupuesta en forma provisoria para responder a intereses y costas y actualización de;660;677;660;1077
31;536750;Embargo - usuario;2;por la suma;Montos;por la suma de UN MILLON NOVECIENTOS VEINTIUN MIL QUINIENTOS VEINTICUATRO PESOS ARGENTINOS ($1.921.524,00), equivalentes a VEINTIDOS (22) UMAS de conformidad con la Resolución SGA 36/26, con mas la de QUINIENTOS SETENTA Y SEIS MIL CUATROCIENTOS CINCUENTA Y SIETE PESOS ARGENTINOS ($576.457,00), que se presupuesta en forma provisoria para responder a intereses y costas y actualización de UMA, sobre toda suma d;689;700;689;1100
31;536750;Embargo - usuario;3;judiciales pesos;Cuenta_depositar;"JUDICIALES PESOS

N° de Cuenta: 9997035658

Denominación: INC 1 - ACTOR BOTTI FEDERICO MARIO S/EJECUCION DE HONORARIOS - INCIDENTE FAMILIA - 21976489

C.B.U.: 0110025950099970356584

Titular/es Causa Expediente N° Expediente: INCIDENTE N° 1
- ACTOR: BOTTI, FEDERICO MARIO S/EJECUCION DE HONORARIOS - INCIDENTE FAMILIA

El auto que ordena la presente, obrante a fs., 7 del referido expediente, dispone Buenos Aires, d";1542;1558;1542;1958
31;536750;Embargo - usuario;4;por la suma;Montos;por la suma correspondiente a 22 UMAS, lo que equivalen a la fecha conforme Res 36.26 a la de pesos un millón novecientos veinte uno mil quinientos veinticuatro ($ 1.921.524.-) con más la de pesos quinientos setenta y seis mil cuatrocientos cincuenta y siete ($ 576.457.-) que se presupuestan provisoriamente para responder a intereses y costas, trábase embargo sobre cualquier cuenta (plazo fijo, cuenta corrie;2200;2211;2200;2611
32;514558;Embargo - usuario;1;hasta cubrir la suma;Montos;"hasta cubrir la suma de PESOS UN MILLON QUINIENTOS MIL ($1.500.000).
A fin de cumplimentar la medida ordenada deberá depositar las sumas referidas en la cuenta judicial Nro. 0887-027-0089398/1 (Prop.: 445368) y su CBU 0140027427508708939813 del Banco de la Provincia de Buenos Aires (sucursal Quilmes centro) a nombre de autos y a la orden de la suscripta.

El auto que ordena la medida en su parte pertinente dice: ""QUI";1442;1462;1442;1862
32;514558;Embargo - usuario;2;hasta cubrir;Montos;"hasta cubrir la suma de PESOS UN MILLON QUINIENTOS MIL ($1.500.000).
A fin de cumplimentar la medida ordenada deberá depositar las sumas referidas en la cuenta judicial Nro. 0887-027-0089398/1 (Prop.: 445368) y su CBU 0140027427508708939813 del Banco de la Provincia de Buenos Aires (sucursal Quilmes centro) a nombre de autos y a la orden de la suscripta.

El auto que ordena la medida en su parte pertinente di";1442;1454;1442;1854
32;514558;Embargo - usuario;3;cubrir la suma;Montos;"cubrir la suma de PESOS UN MILLON QUINIENTOS MIL ($1.500.000).
A fin de cumplimentar la medida ordenada deberá depositar las sumas referidas en la cuenta judicial Nro. 0887-027-0089398/1 (Prop.: 445368) y su CBU 0140027427508708939813 del Banco de la Provincia de Buenos Aires (sucursal Quilmes centro) a nombre de autos y a la orden de la suscripta.

El auto que ordena la medida en su parte pertinente dice: ""QUI";1448;1462;1448;1862
32;514558;Embargo - usuario;4;cuenta judicial;Cuenta_depositar;"cuenta judicial Nro. 0887-027-0089398/1 (Prop.: 445368) y su CBU 0140027427508708939813 del Banco de la Provincia de Buenos Aires (sucursal Quilmes centro) a nombre de autos y a la orden de la suscripta.

El auto que ordena la medida en su parte pertinente dice: ""QUILMES, a la fecha de la firma digital del presente...En consecuencia, atento a lo solicitado, constancias de autos, por las sumas consignadas en la s";1595;1610;1595;2010
32;514558;Embargo - usuario;5;por las sumas;Montos;por las sumas consignadas en la sentencia de autos, bajo expresa responsabilidad de la parte actora, decretáse embargo sobre los haberes que el ejecutado percibe en TRANSPORTES AUTOMOTORES PLUSMAR S.A. tal como se denuncia, a cuyo fin, librese oficio a la mencionada empresa a efectos de que se proceda al descuento del 20% de dicho salario, hasta completar la suma en cuestión, y depositar la resultante en cuent;1977;1990;1977;2390
32;514558;Embargo - usuario;6;decretase embargo sobre;Datos_Embargado;decretáse embargo sobre los haberes que el ejecutado percibe en TRANSPORTES AUTOMOTORES PLUSMAR S.A. tal como se denuncia, a cuyo fin, librese oficio a la mencionada empresa a efectos de que se proceda al descuento del 20% de dicho salario, hasta completar la suma en cuestión, y depositar la resultante en cuenta de autos a nombre del infrascripto en el Banco de la Pcia.de Bs.As.-Sucursal Quilmes centro. Ello, PREVIA CAU;2078;2101;2078;2501
32;514558;Embargo - usuario;7;decrétase embargo;Datos_Embargado;decretáse embargo sobre los haberes que el ejecutado percibe en TRANSPORTES AUTOMOTORES PLUSMAR S.A. tal como se denuncia, a cuyo fin, librese oficio a la mencionada empresa a efectos de que se proceda al descuento del 20% de dicho salario, hasta completar la suma en cuestión, y depositar la resultante en cuenta de autos a nombre del infrascripto en el Banco de la Pcia.de Bs.As.-Sucursal Quilmes centro. Ello, PREV;2078;2095;2078;2495
32;514558;Embargo - usuario;8;cuenta judicial;Cuenta_depositar;"cuenta judicial, debiendo la entidad bancaria informar número de cuenta judicial y CBU a fin de que consten en el oficio de embargo. Funcionario Firmante 05/03/2025 13:42:37 - CORDOBA SOSA Hugo Eduardo - JUEZ.""
Se transcribe la parte dispositiva de la sentencia donde se detalla el monto: ""Quilmes, 7/2/2025...FALLO: I.- Haciendo lugar a la demanda de daños y perjuicios promovida por IGNACIO NICOLAS BALLINI contra";2717;2732;2717;3132
32;514558;Embargo - usuario;9;cuenta judicial;Cuenta_depositar;"cuenta judicial y CBU a fin de que consten en el oficio de embargo. Funcionario Firmante 05/03/2025 13:42:37 - CORDOBA SOSA Hugo Eduardo - JUEZ.""
Se transcribe la parte dispositiva de la sentencia donde se detalla el monto: ""Quilmes, 7/2/2025...FALLO: I.- Haciendo lugar a la demanda de daños y perjuicios promovida por IGNACIO NICOLAS BALLINI contra GUSTAVO EZEQUIEL GODOY II.- Haciendo extensiva la condena a la c";2782;2797;2782;3197
32;514558;Embargo - usuario;10;hasta cubrir la suma;Montos;"hasta cubrir la suma de PESOS UN MILLON QUINIENTOS MIL ($1.500.000).
A fin de cumplimentar la medida ordenada deberá depositar las sumas referidas en la cuenta judicial Nro. 5087-027-0089398/1 (Prop.: 445368) y su CBU 0140027427508708939813 del Banco de la Provincia de Buenos Aires (sucursal Quilmes centro) a nombre de autos y a la orden de la suscripta.

El auto que ordena la medida en su parte pertinente dice: ""QUI";5326;5346;5326;5746
32;514558;Embargo - usuario;11;hasta cubrir;Montos;"hasta cubrir la suma de PESOS UN MILLON QUINIENTOS MIL ($1.500.000).
A fin de cumplimentar la medida ordenada deberá depositar las sumas referidas en la cuenta judicial Nro. 5087-027-0089398/1 (Prop.: 445368) y su CBU 0140027427508708939813 del Banco de la Provincia de Buenos Aires (sucursal Quilmes centro) a nombre de autos y a la orden de la suscripta.

El auto que ordena la medida en su parte pertinente di";5326;5338;5326;5738
32;514558;Embargo - usuario;12;cubrir la suma;Montos;"cubrir la suma de PESOS UN MILLON QUINIENTOS MIL ($1.500.000).
A fin de cumplimentar la medida ordenada deberá depositar las sumas referidas en la cuenta judicial Nro. 5087-027-0089398/1 (Prop.: 445368) y su CBU 0140027427508708939813 del Banco de la Provincia de Buenos Aires (sucursal Quilmes centro) a nombre de autos y a la orden de la suscripta.

El auto que ordena la medida en su parte pertinente dice: ""QUI";5332;5346;5332;5746
32;514558;Embargo - usuario;13;cuenta judicial;Cuenta_depositar;"cuenta judicial Nro. 5087-027-0089398/1 (Prop.: 445368) y su CBU 0140027427508708939813 del Banco de la Provincia de Buenos Aires (sucursal Quilmes centro) a nombre de autos y a la orden de la suscripta.

El auto que ordena la medida en su parte pertinente dice: ""QUILMES, a la fecha de la firma digital del presente...En consecuencia, atento a lo solicitado, constancias de autos, por las sumas consignadas en la s";5479;5494;5479;5894
32;514558;Embargo - usuario;14;por las sumas;Montos;por las sumas consignadas en la sentencia de autos, bajo expresa responsabilidad de la parte actora, decretáse embargo sobre los haberes que el ejecutado percibe en TRANSPORTES AUTOMOTORES PLUSMAR S.A. tal como se denuncia, a cuyo fin, librese oficio a la mencionada empresa a efectos de que se proceda al descuento del 20% de dicho salario, hasta completar la suma en cuestión, y depositar la resultante en cuent;5861;5874;5861;6274
32;514558;Embargo - usuario;15;decretase embargo sobre;Datos_Embargado;decretáse embargo sobre los haberes que el ejecutado percibe en TRANSPORTES AUTOMOTORES PLUSMAR S.A. tal como se denuncia, a cuyo fin, librese oficio a la mencionada empresa a efectos de que se proceda al descuento del 20% de dicho salario, hasta completar la suma en cuestión, y depositar la resultante en cuenta de autos a nombre del infrascripto en el Banco de la Pcia.de Bs.As.-Sucursal Quilmes centro. Ello, PREVIA CAU;5962;5985;5962;6385
32;514558;Embargo - usuario;16;decrétase embargo;Datos_Embargado;decretáse embargo sobre los haberes que el ejecutado percibe en TRANSPORTES AUTOMOTORES PLUSMAR S.A. tal como se denuncia, a cuyo fin, librese oficio a la mencionada empresa a efectos de que se proceda al descuento del 20% de dicho salario, hasta completar la suma en cuestión, y depositar la resultante en cuenta de autos a nombre del infrascripto en el Banco de la Pcia.de Bs.As.-Sucursal Quilmes centro. Ello, PREV;5962;5979;5962;6379
32;514558;Embargo - usuario;17;cuenta judicial;Cuenta_depositar;"cuenta judicial, debiendo la entidad bancaria informar número de cuenta judicial y CBU a fin de que consten en el oficio de embargo. Funcionario Firmante 05/03/2025 13:42:37 - CORDOBA SOSA Hugo Eduardo - JUEZ"".
Se transcribe la parte dispositiva de la sentencia donde se detalla el monto: ""Quilmes, 7/2/2025...FALLO: I.- Haciendo lugar a la demanda de daños y perjuicios promovida por IGNACIO NICOLAS BALLINI contra";6603;6618;6603;7018
32;514558;Embargo - usuario;18;cuenta judicial;Cuenta_depositar;"cuenta judicial y CBU a fin de que consten en el oficio de embargo. Funcionario Firmante 05/03/2025 13:42:37 - CORDOBA SOSA Hugo Eduardo - JUEZ"".
Se transcribe la parte dispositiva de la sentencia donde se detalla el monto: ""Quilmes, 7/2/2025...FALLO: I.- Haciendo lugar a la demanda de daños y perjuicios promovida por IGNACIO NICOLAS BALLINI contra GUSTAVO EZEQUIEL GODOY II.- Haciendo extensiva la condena a la c";6668;6683;6668;7083
33;494160;Embargo - usuario;1;embargo preventivo;Datos_Embargado;"EMBARGO PREVENTIVO LEY 22.172
mercado libre LOMAS DE ZAMORA, Diciembre de 2025.

AL SR. GERENTE DE MERCADO LIBRE S.R.L.
S / D

RECEPCION

Tengo el agrado de dirigirme a Ud. con referencia a autos caratulados: ""FLORES JOSE ANDRES C/ GARCIA PALACIOS MARCELA PATRICIA Y OTRO/A S/ DESPIDO"", N° de Receptoria: LZ - 27006 - 2023, N° de Expediente: 26799/2023, que tramitan ante este Tribunal del Trabajo N° 5 del Departament";714;732;714;1132
33;494160;Embargo - usuario;2;embargo preventivo;Datos_Embargado;embargo preventivo e indisponibilidad de fondos que fuera decretado oportunamente en fecha 11/02/2025 sobre los fondos que MARCELA PATRICIA GARCIA PALACIOS (DNI. 93757465, CUIT 27-93757465-2) Y ROBERTO GABRIEL SZILAK (DNI 24678126, CUIT 20-24678126-6) tuvieron depositados en dicha sucursal y/o casa central y/o cualquier sucursal, sobre depósitos actuales o futuros en cuenta corriente, caja de ahorro, depósitos a pl;1458;1476;1458;1876
33;494160;Embargo - usuario;3;sobre los fondos;Datos_Embargado;sobre los fondos que MARCELA PATRICIA GARCIA PALACIOS (DNI. 93757465, CUIT 27-93757465-2) Y ROBERTO GABRIEL SZILAK (DNI 24678126, CUIT 20-24678126-6) tuvieron depositados en dicha sucursal y/o casa central y/o cualquier sucursal, sobre depósitos actuales o futuros en cuenta corriente, caja de ahorro, depósitos a plazo fijo, valores al cobro, compra de valores y/o acciones en custodia y/o cualquier otra clase de b;1560;1576;1560;1976
33;494160;Embargo - usuario;4;hasta cubrir la suma;Montos;"hasta cubrir la suma de $ 10.710.072,16 (PESOS DIEZ MILLONES SETECIENTOS DIEZ MIL SETENTA Y DOS CON DIECISEIS CENTAVOS) en concepto de daños reclamados, con más la de $ 5.355.036,08 (PESOS CINCO MILLONES TRESCIENTOS CINCUENTA Y CINCO MIL TREINTA Y SEIS CON OCHO CENTAVOS) que se presupuestan provisoriamente para responder a intereses, costos y costas de la ejecución.
SE ADJUNTA A AUTOS LA RESPUESTA DE LA ENTIDAD SOBRE";2017;2037;2017;2437
33;494160;Embargo - usuario;5;hasta cubrir;Montos;"hasta cubrir la suma de $ 10.710.072,16 (PESOS DIEZ MILLONES SETECIENTOS DIEZ MIL SETENTA Y DOS CON DIECISEIS CENTAVOS) en concepto de daños reclamados, con más la de $ 5.355.036,08 (PESOS CINCO MILLONES TRESCIENTOS CINCUENTA Y CINCO MIL TREINTA Y SEIS CON OCHO CENTAVOS) que se presupuestan provisoriamente para responder a intereses, costos y costas de la ejecución.
SE ADJUNTA A AUTOS LA RESPUESTA DE LA ENTID";2017;2029;2017;2429
33;494160;Embargo - usuario;6;cubrir la suma;Montos;"cubrir la suma de $ 10.710.072,16 (PESOS DIEZ MILLONES SETECIENTOS DIEZ MIL SETENTA Y DOS CON DIECISEIS CENTAVOS) en concepto de daños reclamados, con más la de $ 5.355.036,08 (PESOS CINCO MILLONES TRESCIENTOS CINCUENTA Y CINCO MIL TREINTA Y SEIS CON OCHO CENTAVOS) que se presupuestan provisoriamente para responder a intereses, costos y costas de la ejecución.
SE ADJUNTA A AUTOS LA RESPUESTA DE LA ENTIDAD SOBRE";2023;2037;2023;2437
33;494160;Embargo - usuario;7;embargo preventivo;Datos_Embargado;embargo preventivo e indisponibilidad de fondos que fuera decretado en fecha 11/02/2025 por las sumas de $10.710.072,16 (PESOS DIEZ MILLONES SETECIENTOS DIEZ MIL SETENTA Y DOS CON DIECISEIS CENTAVOS) en concepto de daños reclamados, con más la de $5.355.036,08 (PESOS CINCO MILLONES TRESCIENTOS CINCUENTA Y CINCO MIL TREINTA Y SEIS CON OCHO CENTAVOS) presupuestadas para responder a intereses sobre los importes y/o va;2837;2855;2837;3255
33;494160;Embargo - usuario;8;por las sumas;Montos;por las sumas de $10.710.072,16 (PESOS DIEZ MILLONES SETECIENTOS DIEZ MIL SETENTA Y DOS CON DIECISEIS CENTAVOS) en concepto de daños reclamados, con más la de $5.355.036,08 (PESOS CINCO MILLONES TRESCIENTOS CINCUENTA Y CINCO MIL TREINTA Y SEIS CON OCHO CENTAVOS) presupuestadas para responder a intereses sobre los importes y/o valores que MARCELA PATRICIA GARCIA PALACIOS Y ROBERTO GABRIEL SZILAK tuvieron deposi;2925;2938;2925;3338
34;529783;Embargo - usuario;1;hasta alcanzar la suma;Montos;hasta alcanzar la suma de PESOS SEISCIENTOS OCHENTA MIL QUINIENTOS SETENTA CON SESENTA Y DOS CENTAVOS ($680.570,62) -de los que corresponde la suma de $562.455,06 a honorarios (5,09 UMA de primera instancia y 1,53 UMA de alzada, total 6,62 y $118.115,56 de IVA-, con más la suma de PESOS OCHOCIENTOS MIL ($800.000) que se presupuestan para responder provisoriamente por intereses y costas, sobre los fondos depositados por;577;599;577;999
34;529783;Embargo - usuario;2;sobre los fondos;Datos_Embargado;sobre los fondos depositados por ALFREDO ANTONIO ARIAS, DNI Poder Judicial de la Nación JUZGADO CIVIL 30 10.700.496 en MERCADO PAGO, administrada por MERCADO LIBRE S.R.L. Las sumas embargadas deberán ser transferidas en la cuenta de autos existente en el Banco de la Nación Argentina, Suc. Tribunales (Sucursal: 89 Producto: 99 Cuenta: 9974081733 CBU: 0110025950099740817334). Se deja constancia que en el caso de tr;967;983;967;1383
34;529783;Embargo - usuario;3;deberán ser transferidas;Cuenta_depositar;"deberán ser transferidas en la cuenta de autos existente en el Banco de la Nación Argentina, Suc. Tribunales (Sucursal: 89 Producto: 99 Cuenta: 9974081733 CBU: 0110025950099740817334). Se deja constancia que en el caso de tratarse de una cuenta sueldo la medida deberá efectivizarse en el porcentaje de ley.

La providencia que ordena el presente oficio dispone en su parte pertinente: Buenos Aires, 5 de febrero de 2026.- Z";1159;1183;1159;1583
34;529783;Embargo - usuario;4;hasta cubrir la suma;Montos;hasta cubrir la suma de PESOS DOSCIENTOS CUARENTA Y TRES MIL SETECIENTOS CUARENTA ($243.740), con más la suma de PESOS UN MILLÓN QUINIENTOS MIL ($1.500.000) que se presupuestan para responder provisoriamente por intereses y costas, sobre los fondos depositados por ALFREDO ANTONIO ARIAS, DNI 10.700.496 en TARJETA NARANJA - NARANJA X, administrada por NARANJA DIGITAL COMPAÑÍA FINANCIERA S.A.U., a cuyo efecto librese of;2005;2025;2005;2425
34;529783;Embargo - usuario;5;hasta cubrir;Montos;hasta cubrir la suma de PESOS DOSCIENTOS CUARENTA Y TRES MIL SETECIENTOS CUARENTA ($243.740), con más la suma de PESOS UN MILLÓN QUINIENTOS MIL ($1.500.000) que se presupuestan para responder provisoriamente por intereses y costas, sobre los fondos depositados por ALFREDO ANTONIO ARIAS, DNI 10.700.496 en TARJETA NARANJA - NARANJA X, administrada por NARANJA DIGITAL COMPAÑÍA FINANCIERA S.A.U., a cuyo efecto li;2005;2017;2005;2417
34;529783;Embargo - usuario;6;cubrir la suma;Montos;cubrir la suma de PESOS DOSCIENTOS CUARENTA Y TRES MIL SETECIENTOS CUARENTA ($243.740), con más la suma de PESOS UN MILLÓN QUINIENTOS MIL ($1.500.000) que se presupuestan para responder provisoriamente por intereses y costas, sobre los fondos depositados por ALFREDO ANTONIO ARIAS, DNI 10.700.496 en TARJETA NARANJA - NARANJA X, administrada por NARANJA DIGITAL COMPAÑÍA FINANCIERA S.A.U., a cuyo efecto librese of;2011;2025;2011;2425
34;529783;Embargo - usuario;7;sobre los fondos;Datos_Embargado;sobre los fondos depositados por ALFREDO ANTONIO ARIAS, DNI 10.700.496 en TARJETA NARANJA - NARANJA X, administrada por NARANJA DIGITAL COMPAÑÍA FINANCIERA S.A.U., a cuyo efecto librese oficio, dejándose constancia que en el caso de tratarse de una cuenta sueldo la medida deberá efectivizarse en el porcentaje de ley.. Hágase saber a la entidad oficiada que hasta tanto no dé acabado cumplimiento con la manda dispu;2237;2253;2237;2653
34;529783;Embargo - usuario;8;traba del embargo;Datos_Embargado;traba del embargo ordenado, notifíquese por cédula a la ejecutada, quién quedará citada de la venta de los bienes, bajo apercibimiento de mandar continuar la ejecución si dentro de cinco días no opone y prueba las excepciones que tuviere (arts. 502, 504, 505 y 508 CPCC). III.- Por promovida la ejecución de honorarios del Dr. Marcos Fernandez. Atento lo peticionado, honorarios regulados el 7/2/2022, adecuados por l;3318;3335;3318;3735
34;529783;Embargo - usuario;9;hasta cubrir la suma;Montos;hasta cubrir la suma de PESOS SEISCIENTOS OCHENTA MIL QUINIENTOS SETENTA CON SESENTA Y DOS CENTAVOS ($680.570,62) -de los que corresponde la suma de $562.455,06 a honorarios (5,09 UMA de primera instancia y 1,53 UMA de alzada, total 6,62 y $118.115,56 de IVA-, con más la suma de PESOS OCHOCIENTOS MIL ($800.000) que se presupuestan para responder provisoriamente por intereses y costas, sobre los fondos depositados por;3789;3809;3789;4209
34;529783;Embargo - usuario;10;hasta cubrir;Montos;hasta cubrir la suma de PESOS SEISCIENTOS OCHENTA MIL QUINIENTOS SETENTA CON SESENTA Y DOS CENTAVOS ($680.570,62) -de los que corresponde la suma de $562.455,06 a honorarios (5,09 UMA de primera instancia y 1,53 UMA de alzada, total 6,62 y $118.115,56 de IVA-, con más la suma de PESOS OCHOCIENTOS MIL ($800.000) que se presupuestan para responder provisoriamente por intereses y costas, sobre los fondos deposit;3789;3801;3789;4201
34;529783;Embargo - usuario;11;cubrir la suma;Montos;cubrir la suma de PESOS SEISCIENTOS OCHENTA MIL QUINIENTOS SETENTA CON SESENTA Y DOS CENTAVOS ($680.570,62) -de los que corresponde la suma de $562.455,06 a honorarios (5,09 UMA de primera instancia y 1,53 UMA de alzada, total 6,62 y $118.115,56 de IVA-, con más la suma de PESOS OCHOCIENTOS MIL ($800.000) que se presupuestan para responder provisoriamente por intereses y costas, sobre los fondos depositados por;3795;3809;3795;4209
34;529783;Embargo - usuario;12;sobre los fondos;Datos_Embargado;sobre los fondos depositados por ALFREDO ANTONIO ARIAS, DNI Poder Judicial de la Nación JUZGADO CIVIL 30 10.700.496 en MERCADO PAGO, administrada por MERCADO LIBRE S.R.L., a cuyo efecto librese oficio, dejándose constancia que en el caso de tratarse de una cuenta sueldo la medida deberá efectivizarse en el porcentaje de ley.. Hágase saber a la entidad oficiada que hasta tanto no dé acabado cumplimiento con la man;4177;4193;4177;4593
34;529783;Embargo - usuario;13;traba del embargo;Datos_Embargado;traba del embargo ordenado, notifíquese por cédula a la ejecutada, quién quedará citada de la venta de los bienes, bajo apercibimiento de mandar continuar la ejecución si dentro de cinco días no opone y prueba las excepciones que tuviere (arts. 502, 504, 505 y 508 CPCC). IV.- Por promovida la ejecución de honorarios del Dr. Ramon Gabriel Velardez. Atento lo peticionado, honorarios regulados el 7/2/2022, adecuados ;5265;5282;5265;5682
34;529783;Embargo - usuario;14;hasta cubrir la suma;Montos;hasta cubrir la suma de PESOS SEISCIENTOS OCHENTA MIL QUINIENTOS SETENTA CON SESENTA Y DOS CENTAVOS ($680.570,62) -de los que corresponde la suma de $562.455,06 a honorarios (5,09 UMA de primera instancia y 1,53 UMA de alzada, total 6,62 y $118.115,56 de IVA-, con más la suma de PESOS OCHOCIENTOS MIL ($800.000) que se presupuestan para responder provisoriamente por intereses y costas, sobre los fondos depositados por;5741;5761;5741;6161
34;529783;Embargo - usuario;15;hasta cubrir;Montos;hasta cubrir la suma de PESOS SEISCIENTOS OCHENTA MIL QUINIENTOS SETENTA CON SESENTA Y DOS CENTAVOS ($680.570,62) -de los que corresponde la suma de $562.455,06 a honorarios (5,09 UMA de primera instancia y 1,53 UMA de alzada, total 6,62 y $118.115,56 de IVA-, con más la suma de PESOS OCHOCIENTOS MIL ($800.000) que se presupuestan para responder provisoriamente por intereses y costas, sobre los fondos deposit;5741;5753;5741;6153
34;529783;Embargo - usuario;16;cubrir la suma;Montos;cubrir la suma de PESOS SEISCIENTOS OCHENTA MIL QUINIENTOS SETENTA CON SESENTA Y DOS CENTAVOS ($680.570,62) -de los que corresponde la suma de $562.455,06 a honorarios (5,09 UMA de primera instancia y 1,53 UMA de alzada, total 6,62 y $118.115,56 de IVA-, con más la suma de PESOS OCHOCIENTOS MIL ($800.000) que se presupuestan para responder provisoriamente por intereses y costas, sobre los fondos depositados por;5747;5761;5747;6161
34;529783;Embargo - usuario;17;sobre los fondos;Datos_Embargado;sobre los fondos depositados por ALFREDO ANTONIO ARIAS, DNI 10.700.496 en BRUBANK, administrada por BRUBANK S.A.U., a cuyo efecto librese oficio, dejándose constancia que en el caso de tratarse de una cuenta sueldo la medida deberá efectivizarse en el porcentaje de ley. Hágase saber a la entidad oficiada que hasta tanto no dé acabado cumplimiento con la manda dispuesta precedentemente, los fondos que por cualquie;6129;6145;6129;6545
34;529783;Embargo - usuario;18;traba del embargo;Datos_Embargado;"traba del embargo ordenado, notifíquese por cédula a la ejecutada, quién quedará citada de la venta de los bienes, bajo apercibimiento de mandar continuar la ejecución si dentro de cinco días no opone y prueba las excepciones que tuviere (arts. 502, 504, 505 y 508 CPCC). Firmado por: Dra. María Constanza, Caeiro, Juez.

SE DEJA CONSTANCIA QUE EL ACTOR POSEE BENEFICIO DE LITIGAR SIN GASTOS CONCEDIDO POR ESTE MISMO ";7161;7178;7161;7578
35;525055;Embargo - usuario;1;decretado el embargo;Datos_Embargado;"decretado el embargo, sobre el porcentual de ley, sobre las cuentas que posea BENITO CABRERA VASQUEZ (D.N.I. 94.310.138) en vuestra entidad.

Dicha medida se hará efectiva hasta cubrir la suma del capital reclamado de Pesos DOS MILLONES TRESCIENTOS SETENTA Y TRES MIL OCHOCIENTOS OCHENTA Y SIETE CON CIENCUENTA Y TRES CENTAVOS ($2.373.887,53.-), importe del crédito que se reclama en autos, con más la de Pesos SETECIENT";1316;1336;1316;1736
35;525055;Embargo - usuario;2;cuentas que;Datos_Embargado;"cuentas que posea BENITO CABRERA VASQUEZ (D.N.I. 94.310.138) en vuestra entidad.

Dicha medida se hará efectiva hasta cubrir la suma del capital reclamado de Pesos DOS MILLONES TRESCIENTOS SETENTA Y TRES MIL OCHOCIENTOS OCHENTA Y SIETE CON CIENCUENTA Y TRES CENTAVOS ($2.373.887,53.-), importe del crédito que se reclama en autos, con más la de Pesos SETECIENTOS DOCE MIL CIENTO SESENTA Y SEIS ($712.166.-) esti";1376;1387;1376;1787
35;525055;Embargo - usuario;3;hasta cubrir la suma;Montos;"hasta cubrir la suma del capital reclamado de Pesos DOS MILLONES TRESCIENTOS SETENTA Y TRES MIL OCHOCIENTOS OCHENTA Y SIETE CON CIENCUENTA Y TRES CENTAVOS ($2.373.887,53.-), importe del crédito que se reclama en autos, con más la de Pesos SETECIENTOS DOCE MIL CIENTO SESENTA Y SEIS ($712.166.-) estimada provisoriamente para responder a intereses y costas.

Asimismo, se deja constancia que las sumas embargadas deberán ";1488;1508;1488;1908
35;525055;Embargo - usuario;4;hasta cubrir;Montos;"hasta cubrir la suma del capital reclamado de Pesos DOS MILLONES TRESCIENTOS SETENTA Y TRES MIL OCHOCIENTOS OCHENTA Y SIETE CON CIENCUENTA Y TRES CENTAVOS ($2.373.887,53.-), importe del crédito que se reclama en autos, con más la de Pesos SETECIENTOS DOCE MIL CIENTO SESENTA Y SEIS ($712.166.-) estimada provisoriamente para responder a intereses y costas.

Asimismo, se deja constancia que las sumas embargadas ";1488;1500;1488;1900
35;525055;Embargo - usuario;5;cubrir la suma;Montos;"cubrir la suma del capital reclamado de Pesos DOS MILLONES TRESCIENTOS SETENTA Y TRES MIL OCHOCIENTOS OCHENTA Y SIETE CON CIENCUENTA Y TRES CENTAVOS ($2.373.887,53.-), importe del crédito que se reclama en autos, con más la de Pesos SETECIENTOS DOCE MIL CIENTO SESENTA Y SEIS ($712.166.-) estimada provisoriamente para responder a intereses y costas.

Asimismo, se deja constancia que las sumas embargadas deberán ";1494;1508;1494;1908
35;525055;Embargo - usuario;6;deberán ser depositadas;Cuenta_depositar;"deberán ser depositadas en la cuenta N° 5100-027-0929072/5 (Prop.: 758653), CBU 0140138327510092907257, Banco de la Provincia de Buenos Aires.-Sucursal San Martin- a la orden del suscripto y como pertenecientes a las presentes actuaciones.

El auto que ordena la medida dice en su parte pertinente: ""San Martin, 4 de julio de 2022. Teniendo en cuenta lo que resulta de la documentación acompañada y lo dispuesto en los artí";1900;1923;1900;2323
35;525055;Embargo - usuario;7;por la suma;Montos;por la suma de Pesos DOS MILLONES TRESCIENTOS SETENTA Y TRES MIL OCHOCIENTOS OCHENTA Y SIETE CON CIENCUENTA Y TRES CENTAVOS ($2.373.887,53.-), importe del crédito que se reclama en autos, con más la de Pesos SETECIENTOS DOCE MIL CIENTO SESENTA Y SEIS ($712.166.-), que se presupuestan provisoriamente para responder a intereses y costas de la ejecución. En caso de dar resultado negativo la intimación de pago, ;2486;2497;2486;2897
35;525055;Embargo - usuario;8;hasta cubrir;Montos;"hasta cubrir el importe de la suma indicadas con

fecha 04/07/22, trátese embargo sobre los fondos de los demandados que por cualquier concepto posean respecto de BENITO CABRERA VASQUEZ (D.N.I. 94.310.138) en Mercado Pago y de ELVER BRUNO ESTRADA QUINTO (D.N.I. 94.635.112) en Naranja Digital Compañía financiera S.A.U., a tal fin oficíese en la forma de estilo, en los términos de la ley 22.172 si correspondies";3429;3441;3429;3841
35;525055;Embargo - usuario;9;sobre los fondos;Datos_Embargado;sobre los fondos de los demandados que por cualquier concepto posean respecto de BENITO CABRERA VASQUEZ (D.N.I. 94.310.138) en Mercado Pago y de ELVER BRUNO ESTRADA QUINTO (D.N.I. 94.635.112) en Naranja Digital Compañía financiera S.A.U., a tal fin oficíese en la forma de estilo, en los términos de la ley 22.172 si correspondiese, dejándose constancia que las sumas retenidas deberán ser transferidas en una cuenta;3511;3527;3511;3927
35;525055;Embargo - usuario;10;deberán ser transferidas;Cuenta_depositar;deberán ser transferidas en una cuenta a nombre de autos y a la orden de este Juzgado en el Banco de la Provincia de Buenos Aires, Sucursal Tribunales de San Martín. Hágase constar en los instrumentos a librarse, que en caso que en las cuentas bancarias sobre las que se dispone la medida cautelar se depositen sueldos ó haberes provisionales, no se podrá afectar más del 20% del porcentual de ley sobre dichas sumas (conf. ;3889;3913;3889;4313
36;501211;Embargo - usuario;1;a nombre del demandado;Datos_Embargado;"a nombre del demandado PEDRAZA TEODORO ROVEL, D.N.I 20.276.462 , CUIT 20-20276462-3.

Actuaciones: CREDITIA FIDEICOMISO FINANCIERO C/ PEDRAZA TEODORO ROVEL S/ COBRO EJECUTIVO"", (Expediente judicial N° 81.646),
$ 23.868,84 (PESOS VEINTITRES MIL OCHOCIENTOS SESENTA Y OCHO CON OCHENTA Y CUATRO CENTAVOS), por capital reclamado, más $ 7.160,65 (PESOS SIETE MIL CIENTO SESENTA CON SESENTA Y CINCO CENTAVOS), estimada para aten";1769;1791;1769;2191
36;501211;Embargo - usuario;2;hasta cubrir;Montos;hasta cubrir el importe de la suma de pesos VEINTITRES MIL OCHOCIENTOS SESENTA Y OCHO CON 84/00 ($ 23.868,84.-), con más la de pesos SIETE MIL CIENTO SESENTA CON 65/00 ($ 7.160,65.-), que se presupuestan para responder a intereses y costas, trábase embargo sobre los fondos del demandado que por cualquier concepto posea en las entidades bancarias mencionadas, a tal fin oficíese en la forma de estilo, en los té;2842;2854;2842;3254
36;501211;Embargo - usuario;3;sobre los fondos;Datos_Embargado;"sobre los fondos del demandado que por cualquier concepto posea en las entidades bancarias mencionadas, a tal fin oficíese en la forma de estilo, en los términos de la ley 22.172 si correspondiese, dejándose constancia que las sumas retenidas deberán ser transferidas en una cuenta a nombre de autos y a la orden de este Juzgado

en el Banco de la Provincia de Buenos Aires, Sucursal Tribunales de San Martín.- Hágas";3099;3115;3099;3515
36;501211;Embargo - usuario;4;deberán ser transferidas;Cuenta_depositar;"deberán ser transferidas en una cuenta a nombre de autos y a la orden de este Juzgado

en el Banco de la Provincia de Buenos Aires, Sucursal Tribunales de San Martín.- Hágase constar en los instrumentos a librarse, que en caso que en las cuentas bancarias sobre las que se dispone la medida cautelar se depositen sueldos ó haberes previsionales, no se podrá afectar más del 20% del porcentual de ley sobre dichas sumas (conf";3342;3366;3342;3766
36;501211;Embargo - usuario;5;deberán ser transferidos;Cuenta_depositar;"deberán ser transferidos a la cuenta y CBU Nos.: 5100-27-08964218 (CBU es 0140138327510089642187) , especialmente abierta al efecto en las actuaciones citadas y a la orden del Juez interviniente, en el Banco de la Provincia de Buenos Aires, Sucursal Tribunales, del departamento Judicial de siendo asimismo el CUIT del PODER JUDICIAL: 30-99913926-0.-
Se hace saber a la entidad oficiada qu la respuesta al presente oficio de";5466;5490;5466;5890
37;531075;Embargo - usuario;1;hasta cubrir la suma;Montos;"hasta cubrir la suma de $ 7.163.404,77 en concepto de capital, con más la suma de $ 4.000.000 estimada en concepto de intereses y costas.

Asimismo, los fondos retenidos podrán ser transferidos electrónicamente desde su banco a la CBU de la cuenta de autos (L° 903 F° 986 DV 9 – CBU Nro. 0290075900214090309862) en el Banco Ciudad de Buenos Aires, Sucursal Tribunales, a la orden de este Juzgado.

El auto que ordena el ";2762;2782;2762;3182
37;531075;Embargo - usuario;2;hasta cubrir;Montos;"hasta cubrir la suma de $ 7.163.404,77 en concepto de capital, con más la suma de $ 4.000.000 estimada en concepto de intereses y costas.

Asimismo, los fondos retenidos podrán ser transferidos electrónicamente desde su banco a la CBU de la cuenta de autos (L° 903 F° 986 DV 9 – CBU Nro. 0290075900214090309862) en el Banco Ciudad de Buenos Aires, Sucursal Tribunales, a la orden de este Juzgado.

El auto que or";2762;2774;2762;3174
37;531075;Embargo - usuario;3;cubrir la suma;Montos;"cubrir la suma de $ 7.163.404,77 en concepto de capital, con más la suma de $ 4.000.000 estimada en concepto de intereses y costas.

Asimismo, los fondos retenidos podrán ser transferidos electrónicamente desde su banco a la CBU de la cuenta de autos (L° 903 F° 986 DV 9 – CBU Nro. 0290075900214090309862) en el Banco Ciudad de Buenos Aires, Sucursal Tribunales, a la orden de este Juzgado.

El auto que ordena el ";2768;2782;2768;3182
37;531075;Embargo - usuario;4;sobre los fondos;Datos_Embargado;"sobre los fondos que tuviera a percibir el demandado en Mercado Pago Asset Management S.A., CUIT 33-71862856-9 hasta cubrir la suma de $7.163.404,77 de capital con más la de $4.000.000 que se presupuestan para responder a intereses y costas, a cuyo fin librese oficio. Hágase saber que las sumas deberán ser depositadas en el Banco de la Ciudad de Buenos Aires – Suc. Tribunales, en una

cuenta a la orden del Suscri";3290;3306;3290;3706
37;531075;Embargo - usuario;5;hasta cubrir la suma;Montos;"hasta cubrir la suma de $7.163.404,77 de capital con más la de $4.000.000 que se presupuestan para responder a intereses y costas, a cuyo fin librese oficio. Hágase saber que las sumas deberán ser depositadas en el Banco de la Ciudad de Buenos Aires – Suc. Tribunales, en una

cuenta a la orden del Suscripto y como perteneciente a estas actuaciones. Hágase saber que el interesado deberá acompañar el proyecto digital a";3401;3421;3401;3821
37;531075;Embargo - usuario;6;hasta cubrir;Montos;"hasta cubrir la suma de $7.163.404,77 de capital con más la de $4.000.000 que se presupuestan para responder a intereses y costas, a cuyo fin librese oficio. Hágase saber que las sumas deberán ser depositadas en el Banco de la Ciudad de Buenos Aires – Suc. Tribunales, en una

cuenta a la orden del Suscripto y como perteneciente a estas actuaciones. Hágase saber que el interesado deberá acompañar el proyecto d";3401;3413;3401;3813
37;531075;Embargo - usuario;7;cubrir la suma;Montos;"cubrir la suma de $7.163.404,77 de capital con más la de $4.000.000 que se presupuestan para responder a intereses y costas, a cuyo fin librese oficio. Hágase saber que las sumas deberán ser depositadas en el Banco de la Ciudad de Buenos Aires – Suc. Tribunales, en una

cuenta a la orden del Suscripto y como perteneciente a estas actuaciones. Hágase saber que el interesado deberá acompañar el proyecto digital a";3407;3421;3407;3821
37;531075;Embargo - usuario;8;deberán ser depositadas;Cuenta_depositar;"deberán ser depositadas en el Banco de la Ciudad de Buenos Aires – Suc. Tribunales, en una

cuenta a la orden del Suscripto y como perteneciente a estas actuaciones. Hágase saber que el interesado deberá acompañar el proyecto digital al expediente para que pueda confrontarse y, en su caso, firmarse mediante la utilización de la firma electrónica autorizada por la Corte Suprema de Justicia de la Nación en la Acordada 12/";3586;3609;3586;4009
38;494151;Embargo - usuario;1;proceder a embargar;Datos_Embargado;proceder a embargar toda suma presente o futura del demandado “JOSE LUIS VALENTINI” (DNI 17.196.196), hasta alcanzar la suma de $438.867 (pesos cuatrocientos treinta y ocho mil ochocientos sesenta y siete) con el fin de que se proceda a su liquidación, en virtud de lo dispuesto en el artículo 108 del Código Civil y Comercial de la Nación, en el sentido de que el juez podrá ordenar el embargo de bienes de los deudore;1503;1522;1503;1922
38;494151;Embargo - usuario;2;hasta alcanzar la suma;Montos;hasta alcanzar la suma de $438.867 (pesos cuatrocientos treinta y ocho mil ochocientos sesenta y siete) con el fin de que se proceda a su liquidación, en virtud de lo dispuesto en el artículo 108 del Código Civil y Comercial de la Nación, en el sentido de que el juez podrá ordenar el embargo de bienes de los deudores, en el caso de que se encuentren en posesión del deudor, o bien en la cuenta de negocios denominada “Me;1605;1627;1605;2027
38;494151;Embargo - usuario;3;debiendo depositarse los fondos;Cuenta_depositar;"debiendo depositarse los fondos que resulten, en la cuenta bancaria de autos, en el Banco de la Provincia de Buenos Aires, cuenta número 014100-0771206-835036.
Asimismo, se le hace saber que deberá dentro del quinto día de efectivizado el embargo acordado en autos remitir las constancias al correo electrónico del juzgado juzci1-1m@buenosaires.gov.ar (arg. arts. 536 y 500 del CPCC).
El auto que ordena el presente firmado por el ";2221;2252;2221;2652
38;494151;Embargo - usuario;4;debiendo depositarse los fondos;Cuenta_depositar;debiendo depositarse los fondos que resulten en la cuenta a abrirse en el Banco de la Provincia de Buenos Aires, en el domicilio de San Justo, a la orden de la suscripta y como perteneciente a estos autos.- Asimismo, se oficializa que los recursos se tomarán en su caso en los términos de la ley 22.172 - haciéndole saber a la entidad que se procederá al cumplimiento en el plazo de cinco días (art. 195, 199, 209 inc. 2do. y 213 d;3479;3510;3479;3910
39;546334;Embargo - usuario;1;trabese embargo;Datos_Embargado;"Trábese embargo por las suma de PESOS SEISCIENTOS SETENTA Y OCHO MIL TRESCIENTOS CUARENTA Y CUATRO ($ 678.344,00) importe del crédito que se reclama, con más la de PESOS TRESCIENTOS MIL ($300.000) que se presupuestan para responder a intereses, costos y costas de la ejecución, sobre los fondos que el demandado posea, en el presente o futuro, en la cuenta de las entidades bancarias denunciada; que deberán ser dep";2799;2814;2799;3214
39;546334;Embargo - usuario;2;sobre los fondos;Datos_Embargado;"sobre los fondos que el demandado posea, en el presente o futuro, en la cuenta de las entidades bancarias denunciada; que deberán ser depositadas en la cuenta a nombre de autos y a la orden de este Juzgado y Secretaría en el Banco de la Provincia de Buenos Aires, Sucursal Tribunales de San Martín, dejándose constancia que las sumas retenidas no podrán en la totalidad de las cuentas superar el monto fijado ""ut sup";3077;3093;3077;3493
39;546334;Embargo - usuario;3;deberán ser depositadas;Cuenta_depositar;"deberán ser depositadas en la cuenta a nombre de autos y a la orden de este Juzgado y Secretaría en el Banco de la Provincia de Buenos Aires, Sucursal Tribunales de San Martín, dejándose constancia que las sumas retenidas no podrán en la totalidad de las cuentas superar el monto fijado ""ut supra"". A tal fin oficíese en la forma de estilo. Dra. María del

Carmen Angelini -Juez- Civil y Comercial Nº 2 San Martín"". ""Gral. ";3199;3222;3199;3622
39;546334;Embargo - usuario;4;sobre los fondos;Datos_Embargado;"sobre los fondos que el demandado posea, en el presente o futuro, en la cuenta de las entidades bancarias denunciada, siempre que no se trate de embargo sobre cuentas sueldo del ejecutado; que deberán ser depositadas en la cuenta a nombre de autos y a la orden de este Juzgado y Secretaría en el Banco de la Provincia de Buenos Aires, Sucursal Tribunales de San Martín, dejándose constancia que las sumas retenidas n";3712;3728;3712;4128
39;546334;Embargo - usuario;5;deberán ser depositadas;Cuenta_depositar;"deberán ser depositadas en la cuenta a nombre de autos y a la orden de este Juzgado y Secretaría en el Banco de la Provincia de Buenos Aires, Sucursal Tribunales de San Martín, dejándose constancia que las sumas retenidas no podrán en la totalidad de las cuentas superar el monto fijado ""ut supra"". A tal fin oficíese en la forma de estilo. Dr. Marcelo Pablo Escola. Juez Subrogante. P.D.S."". ""Gral. San Martín, 15 de julio";3905;3928;3905;4328
39;546334;Embargo - usuario;6;retencion;Montos;"retención se efectuará en el porcentaje previsto por ley -conf. Dec. 484/87- y leyes provinciales 9511 y 14443, y hasta cubrir las sumas arriba indicadas.
Los importes retenidos deberán ser depositados por Ud. en el Banco de la Provincia de Buenos Aires, Sucursal Tribunales, del departamento Judicial de San Martín, en la Cuenta Nº 5100-27-08961586 (CBU 0140138327510089615862), abierta a nombre de este juzg";6663;6672;6663;7072
39;546334;Embargo - usuario;7;hasta cubrir las sumas;Montos;"hasta cubrir las sumas arriba indicadas.
Los importes retenidos deberán ser depositados por Ud. en el Banco de la Provincia de Buenos Aires, Sucursal Tribunales, del departamento Judicial de San Martín, en la Cuenta Nº 5100-27-08961586 (CBU 0140138327510089615862), abierta a nombre de este juzgado.-
Asimismo, se hace saber que el CUIT PODER JUDICIAL: 30-99913926-0.-
Saludo a Ud. atentamente

Para verificar la notificac";6777;6799;6777;7199
39;546334;Embargo - usuario;8;hasta cubrir;Montos;"hasta cubrir las sumas arriba indicadas.
Los importes retenidos deberán ser depositados por Ud. en el Banco de la Provincia de Buenos Aires, Sucursal Tribunales, del departamento Judicial de San Martín, en la Cuenta Nº 5100-27-08961586 (CBU 0140138327510089615862), abierta a nombre de este juzgado.-
Asimismo, se hace saber que el CUIT PODER JUDICIAL: 30-99913926-0.-
Saludo a Ud. atentamente

Para verificar la";6777;6789;6777;7189
39;546334;Embargo - usuario;9;deberán ser depositados;Cuenta_depositar;"deberán ser depositados por Ud. en el Banco de la Provincia de Buenos Aires, Sucursal Tribunales, del departamento Judicial de San Martín, en la Cuenta Nº 5100-27-08961586 (CBU 0140138327510089615862), abierta a nombre de este juzgado.-
Asimismo, se hace saber que el CUIT PODER JUDICIAL: 30-99913926-0.-
Saludo a Ud. atentamente

Para verificar la notificación, y las copias de traslado si las hubiere, ingrese a:
https:no";6841;6864;6841;7264
40;547373;Embargo - usuario;1;embargo de naturaleza ejecutoria;Datos_Embargado;"embargo de naturaleza ejecutoria sobre los fondos presentes y futuros que perciban en la entidad los condenados JULIO Y OSCAR S.R.L. (CUIT 30-71412954-2), y OLARTE MALLQUI JULIO (CUIT 20-93916854-1), por la suma total de $14.498.702 (PESOS CATORCE MILLONES CUATROCIENTOS NOVENTA Y OCHO MIL SETECIENTOS DOS) en concepto de capital $10.734.304,88; más honorarios del Dr. Poisson $3.764.397,12 (Honorarios $ 3.111.072. + $ 653.325,12 (";508;540;508;940
40;547373;Embargo - usuario;2;sobre los fondos;Datos_Embargado;"sobre los fondos presentes y futuros que perciban en la entidad los condenados JULIO Y OSCAR S.R.L. (CUIT 30-71412954-2), y OLARTE MALLQUI JULIO (CUIT 20-93916854-1), por la suma total de $14.498.702 (PESOS CATORCE MILLONES CUATROCIENTOS NOVENTA Y OCHO MIL SETECIENTOS DOS) en concepto de capital $10.734.304,88; más honorarios del Dr. Poisson $3.764.397,12 (Honorarios $ 3.111.072. + $ 653.325,12 (21% IVA) más la s";541;557;541;957
40;547373;Embargo - usuario;3;por la suma;Montos;"por la suma total de $14.498.702 (PESOS CATORCE MILLONES CUATROCIENTOS NOVENTA Y OCHO MIL SETECIENTOS DOS) en concepto de capital $10.734.304,88; más honorarios del Dr. Poisson $3.764.397,12 (Honorarios $ 3.111.072. + $ 653.325,12 (21% IVA) más la suma de $3.000.000 para responder a accesorios y costas de la medida -art 213 primera parte del CPCCN.

En cada caso por el 50% del monto total antes indicado a sa";708;719;708;1119
40;547373;Embargo - usuario;4;cuenta judicial;Cuenta_depositar;"Cuenta Judicial 6 - 007 - 1441 - 709 - 5 C.B.U. 02900759-00266144107092

SE DEJA CONSTANCIA QUE POR TRATARSE DE UN PROCESO LABORAL EL ACTOR INTERVIENE CON EL BENEFICIO DE LITIGAR SIN GASTOS POR LO QUE EL

PRESENTE SE ENCUENTRA LIBRE DE CUALQUIER GRAVAMEN.

SE HACE SABER QUE EN LA PIEZA DEBERÁ CONSTAR QUE LA RESPUESTA DEBE DIRIGIRSE A LA DIRECCIÓN DE MAIL jntrabajo7@pjn.gov.ar

A sus efectos, transcribo en la par";1431;1446;1431;1846
40;547373;Embargo - usuario;5;embargo de naturaleza ejecutoria;Datos_Embargado;"embargo de naturaleza ejecutoria sobre los bienes muebles de los condenados JULIO Y OSCAR S.R.L. (CUIT 30-71412954-2), y OLARTE MALLQUI JULIO (CUIT 20-93916854-1), por la suma total de $14.498.702 (PESOS CATORCE MILLONES CUATROCIENTOS NOVENTA Y OCHO MIL SETECIENTOS DOS), en concepto de capital $10 734 304,88 ; más honorarios del Dr. Poisson $3.764.397,12 (Honorarios $ 3.111.072. + $ 653.325,12 (21% IVA), más la suma de $3.000.00";3178;3210;3178;3610
40;547373;Embargo - usuario;6;por la suma;Montos;"por la suma total de $14.498.702 (PESOS CATORCE MILLONES CUATROCIENTOS NOVENTA Y OCHO MIL SETECIENTOS DOS), en concepto de capital $10 734 304,88 ; más honorarios del Dr. Poisson $3.764.397,12 (Honorarios $ 3.111.072. + $ 653.325,12 (21% IVA), más la suma de $3.000.000 que presupuesto en forma provisoria, para responder a accesorios y costas de la medida -art 213 primera parte del CPCCN-. La medida antes dis";3342;3353;3342;3753
40;547373;Embargo - usuario;7;sobre los fondos;Datos_Embargado;sobre los fondos presentes y futuros que, en por cualquier concepto, deban percibir los demandados embargados, en la institución MERCADO LIBRE SRL (Mercado Pago), conforme lo solicitado, en el escrito bajo examen, en cada caso por el 50% del monto total antes indicado a saber: la suma de $7.249.351.- a embargar y la suma de $1.500.000.- para cubrir intereses y costas. Librese para su anoticiamiento y cumplimiento;3779;3795;3779;4195
40;547373;Embargo - usuario;8;cuenta judicial;Cuenta_depositar;Cuenta Judicial 6 - 007 - 1441 - 709 - 5 C.B.U. 02900759-00266144107092.- Comunicación “B” 10416 del B.C.R.A.- y, en caso de insuficiencia de fondos, mantener la medida hasta su total cumplimiento, con debida noticia en el proceso.-Tal requerimiento, estará exento de cualquier tipo de comisión o impuesto por parte de la entidad a ser oficiada, con sustento en lo establecido en el art.213, primera parte, del indi;4656;4671;4656;5071
41;507932;Embargo - usuario;1;decretado el embargo;Datos_Embargado;"decretado el embargo, sobre el porcentual de ley, sobre las cuentas que posea IVAN ROBERTO SILVA (D.N.I.: 27.318.472) en vuestra entidad.

Dicha medida se hará efectiva hasta cubrir la suma del capital reclamado de $144.128,66 (PESOS CIENTO CUARENTA Y CUATRO MIL CIENTO VEINTIOCHO CON SESENTA Y SEIS CENTAVOS) con más la suma de $43.500 (PESOS CUARENTA Y TRES MIL QUINIENTOS) estimada provisoriamente para responder a in";1211;1231;1211;1631
41;507932;Embargo - usuario;2;cuentas que;Datos_Embargado;"cuentas que posea IVAN ROBERTO SILVA (D.N.I.: 27.318.472) en vuestra entidad.

Dicha medida se hará efectiva hasta cubrir la suma del capital reclamado de $144.128,66 (PESOS CIENTO CUARENTA Y CUATRO MIL CIENTO VEINTIOCHO CON SESENTA Y SEIS CENTAVOS) con más la suma de $43.500 (PESOS CUARENTA Y TRES MIL QUINIENTOS) estimada provisoriamente para responder a intereses y costas.

Asimismo, se deja constancia que";1271;1282;1271;1682
41;507932;Embargo - usuario;3;hasta cubrir la suma;Montos;"hasta cubrir la suma del capital reclamado de $144.128,66 (PESOS CIENTO CUARENTA Y CUATRO MIL CIENTO VEINTIOCHO CON SESENTA Y SEIS CENTAVOS) con más la suma de $43.500 (PESOS CUARENTA Y TRES MIL QUINIENTOS) estimada provisoriamente para responder a intereses y costas.

Asimismo, se deja constancia que las sumas embargadas deberán ser depositadas en la cuenta N° 5100-027-8488304, CBU 0140138327510084883046 el Banco de";1380;1400;1380;1800
41;507932;Embargo - usuario;4;hasta cubrir;Montos;"hasta cubrir la suma del capital reclamado de $144.128,66 (PESOS CIENTO CUARENTA Y CUATRO MIL CIENTO VEINTIOCHO CON SESENTA Y SEIS CENTAVOS) con más la suma de $43.500 (PESOS CUARENTA Y TRES MIL QUINIENTOS) estimada provisoriamente para responder a intereses y costas.

Asimismo, se deja constancia que las sumas embargadas deberán ser depositadas en la cuenta N° 5100-027-8488304, CBU 0140138327510084883046 el ";1380;1392;1380;1792
41;507932;Embargo - usuario;5;cubrir la suma;Montos;"cubrir la suma del capital reclamado de $144.128,66 (PESOS CIENTO CUARENTA Y CUATRO MIL CIENTO VEINTIOCHO CON SESENTA Y SEIS CENTAVOS) con más la suma de $43.500 (PESOS CUARENTA Y TRES MIL QUINIENTOS) estimada provisoriamente para responder a intereses y costas.

Asimismo, se deja constancia que las sumas embargadas deberán ser depositadas en la cuenta N° 5100-027-8488304, CBU 0140138327510084883046 el Banco de";1386;1400;1386;1800
41;507932;Embargo - usuario;6;deberán ser depositadas;Cuenta_depositar;"deberán ser depositadas en la cuenta N° 5100-027-8488304, CBU 0140138327510084883046 el Banco de la Provincia de Buenos Aires - Sucursal San Martín- a la orden del suscripto y como pertenecientes a las presentes actuaciones.

El auto que ordena la medida dice en su parte pertinente: ""San Martín, 15 de diciembre de 2025. Atento lo pedido y hasta cubrir el importe de la suma de $144.128,66, con más la de $ 43.500.-, que s";1704;1727;1704;2127
41;507932;Embargo - usuario;7;hasta cubrir;Montos;hasta cubrir el importe de la suma de $144.128,66, con más la de $ 43.500.-, que se presupuestan para responder a intereses y costas, trábase embargo sobre los fondos de los demandados que por cualquier concepto posean en la entidad mencionada, a tal fin oficiese en la forma de estilo, en los términos de la ley 22.172 si correspondiese, dejándose constancia que las sumas retenidas deberán ser transferidas en ;2045;2057;2045;2457
41;507932;Embargo - usuario;8;sobre los fondos;Datos_Embargado;sobre los fondos de los demandados que por cualquier concepto posean en la entidad mencionada, a tal fin oficiese en la forma de estilo, en los términos de la ley 22.172 si correspondiese, dejándose constancia que las sumas retenidas deberán ser transferidas en una cuenta a nombre de autos y a la orden de este Juzgado en el Banco de la Provincia de Buenos Aires, Sucursal Tribunales de San Martín. FDO.: MAZZARELLO;2195;2211;2195;2611
41;507932;Embargo - usuario;9;deberán ser transferidas;Cuenta_depositar;"deberán ser transferidas en una cuenta a nombre de autos y a la orden de este Juzgado en el Banco de la Provincia de Buenos Aires, Sucursal Tribunales de San Martín. FDO.: MAZZARELLO Silvio Jose. JUEZ"".

Se aclara que en caso que en las cuentas bancarias sobre las que se dispone la medida cautelar se depositen sueldos ó haberes previsionales, no se podrá afectar más del 20% del porcentual de ley sobre dichas sumas (conf.";2429;2453;2429;2853
42;538090;Embargo - usuario;1;trabar embargo;Datos_Embargado;TRABAR EMBARGO sobre fondos que tuviere o llegara a tener la Sra. MIRIAM LOPEZ FRANCO (D.N.I 94.542.024) CUIT 27-94542024-9 en cualquier caja de ahorro y/o cuenta corriente y/o plazo fijo y/o fondos de inversión y/o billetera virtual en moneda nacional o extranjera de MERCADO LIBRE S.R.L. hasta cubrir la suma de $ 123.892,16 con mas la suma de $ 500.000 para responder a intereses y costas, es decir por un total;2573;2587;2573;2987
42;538090;Embargo - usuario;2;hasta cubrir la suma;Montos;"hasta cubrir la suma de $ 123.892,16 con mas la suma de $ 500.000 para responder a intereses y costas, es decir por un total de $ 623.892,16

Se le hace saber que las sumas embargadas deberán ser depositadas en el Banco de la Ciudad de Buenos Aires -Sucursal Tribunales... en la cuenta a nombre de este Juzgado y Secretaria. (Libro 904 Folio 676 DV. 4, C.B.U. 02900759-00251090406766)

Se transcribe a continuación la Re";2863;2883;2863;3283
42;538090;Embargo - usuario;3;hasta cubrir;Montos;"hasta cubrir la suma de $ 123.892,16 con mas la suma de $ 500.000 para responder a intereses y costas, es decir por un total de $ 623.892,16

Se le hace saber que las sumas embargadas deberán ser depositadas en el Banco de la Ciudad de Buenos Aires -Sucursal Tribunales... en la cuenta a nombre de este Juzgado y Secretaria. (Libro 904 Folio 676 DV. 4, C.B.U. 02900759-00251090406766)

Se transcribe a continuaci";2863;2875;2863;3275
42;538090;Embargo - usuario;4;cubrir la suma;Montos;"cubrir la suma de $ 123.892,16 con mas la suma de $ 500.000 para responder a intereses y costas, es decir por un total de $ 623.892,16

Se le hace saber que las sumas embargadas deberán ser depositadas en el Banco de la Ciudad de Buenos Aires -Sucursal Tribunales... en la cuenta a nombre de este Juzgado y Secretaria. (Libro 904 Folio 676 DV. 4, C.B.U. 02900759-00251090406766)

Se transcribe a continuación la Re";2869;2883;2869;3283
42;538090;Embargo - usuario;5;deberán ser depositadas;Cuenta_depositar;"deberán ser depositadas en el Banco de la Ciudad de Buenos Aires -Sucursal Tribunales... en la cuenta a nombre de este Juzgado y Secretaria. (Libro 904 Folio 676 DV. 4, C.B.U. 02900759-00251090406766)

Se transcribe a continuación la Resolución que ordena la presente medida:
“Buenos Aires, 7 de noviembre de 2025….Atento lo solicitado por las sumas de $123.892 ,16, con más la suma de $500.000,- estimada en concepto de in";3047;3070;3047;3470
42;538090;Embargo - usuario;6;por las sumas;Montos;por las sumas de $123.892 ,16, con más la suma de $500.000,- estimada en concepto de intereses y costas, trábase embargo sobre la cuenta de Mercado Pago de Mercado Libre S.R.L. que posea la demandada Miriam López Franco (DNI 94.542.024), a cuyo fin librese oficio. Hágase saber que las sumas deberán ser depositadas en el Banco de la Ciudad de Buenos Aires en una cuenta a nombre de este Juzgado y Secretaria y co;3383;3396;3383;3796
42;538090;Embargo - usuario;7;embargo sobre la Cuenta;Datos_Embargado;"embargo sobre la cuenta de Mercado Pago de Mercado Libre S.R.L. que posea la demandada Miriam López Franco (DNI 94.542.024), a cuyo fin librese oficio. Hágase saber que las sumas deberán ser depositadas en el Banco de la Ciudad de Buenos Aires en una cuenta a nombre de este Juzgado y Secretaria y como perteneciente a estas actuaciones… …Fdo Maria Soledad Casazza Juez Subrogante.”-

Se deja constancia que los Dres. Marce";3496;3519;3496;3919
42;538090;Embargo - usuario;8;deberán ser depositadas;Cuenta_depositar;"deberán ser depositadas en el Banco de la Ciudad de Buenos Aires en una cuenta a nombre de este Juzgado y Secretaria y como perteneciente a estas actuaciones… …Fdo Maria Soledad Casazza Juez Subrogante.”-

Se deja constancia que los Dres. Marcela A. Stetson y/o Andrea María Pestalardo, y/o Federico García Cabello y/o Laura Aragunde y/o la persona que ellos designen se encuentran indistintamente autorizados a correr con ";3675;3698;3675;4098
43;531066;Embargo - Empleado;1;traba de embargo;Datos_Embargado;traba de embargo ordenada y en caso de imposibilidad, deberá informar antes del vencimiento del mismo, sobre las causas y la fecha en que se cumplirá, bajo apercibimiento de multa por cada día de retardo (Art. 35 inciso 3 del Código Procesal Civil y Comercial). A tal fin librese cédula, la cual deberá ser dirigida al Director o Gerente de (MERCADO LIBRE S.R.L.) adjuntándose copia del oficio oportunamente librado,;1906;1922;1906;2322
43;531066;Embargo - Empleado;2;traba de embargo;Datos_Embargado;"traba de embargo ordenada y en caso de imposibilidad, deberá informar antes del vencimiento del mismo, sobre las causas y la fecha en que se cumplirá, bajo apercibimiento de multa por cada día de retardo (Art. 35 inciso 3 del Código Procesal Civil y Comercial).

Se hace saber que la empresa informo haber depositado $15.043,73 en fecha 03/11/2025, pero en la cuenta de autes solo se depositaron $1.504,73.-.

Las su";2728;2744;2728;3144
43;531066;Embargo - Empleado;3;deberán ser depositadas;Cuenta_depositar;"deberán ser depositadas en el Banco de la Provincia de Buenos Aires, sucursal Tribunales de San Martín, a nombre de las presentes actuaciones y a la orden del Juzgado de Intervención, en la cuenta nº 027/548.812/0, con CBU 0140138327510054881201.-.

La constestacion del presente ser efectuada a través del Portal de Presentaciones Electrónicas conforme lo normado por el art.397 del CPCC y el art. 1 del Anexo I del Ac. 40";3159;3182;3159;3582
44;513551;Embargo - usuario;1;trabese embargo;Datos_Embargado;"trábese embargo sobre los activos digitales que tuviera la demandada -siempre que los fondos resulten ser propiedad del ejecutado-, en la plataforma de gestión electrónica denunciada hasta cubrir las suma de $ 420.000 importe del crédito reclamado, con más la de $168.000 que se presuponen ""prima facie"" para responder a intereses, costos y costas del juicio, ordenándose a la oficiada que proceda al bloqueo inmedi";2747;2762;2747;3162
44;513551;Embargo - usuario;2;hasta cubrir;Montos;"hasta cubrir las suma de $ 420.000 importe del crédito reclamado, con más la de $168.000 que se presuponen ""prima facie"" para responder a intereses, costos y costas del juicio, ordenándose a la oficiada que proceda al bloqueo inmediato de las sumas embargadas, informando al Juzgado dentro de los diez días corridos de cumplida la medida acerca de los fondos que resulten embargados. Cumplido dicho plazo y de no";2930;2942;2930;3342
44;513551;Embargo - usuario;3;deberán ser transferidas;Cuenta_depositar;deberán ser transferidas al Banco de la Provincia de Buenos Aires - Sucursal Tribunales, a una cuenta abierta a nombre de estos autos. Librese oficio de estilo. En caso de contar el demandado con una o varias cuentas bancarias asociadas a la billetera virtual, previo a tratar el embargo, deberá la sociedad oficiada comunicar al Juzgado los datos de las mismas a los fines que la medida cautelar se haga efectiva sobre las ;3419;3443;3419;3843
44;513551;Embargo - usuario;4;por la suma;Montos;"por la suma de PESOS QUINIENTOS OCHENTA Y OCHO MIL ($ 588.000). Las sumas retenidas deberán ser depositadas en la cuenta Judicial en pesos N° 926301/3 en la moneda solicitada, CBU 0140423827610292630130, Sucursal 6102, CUIT Poder Judicial 30-70721665-0 del Banco de la Provincia de Buenos Aires

Para su conocimiento a continuación se transcriben los siguientes artículos:

ARTICULO 531° del Código Civil y Come";4292;4303;4292;4703
44;513551;Embargo - usuario;5;deberán ser depositadas;Cuenta_depositar;"deberán ser depositadas en la cuenta Judicial en pesos N° 926301/3 en la moneda solicitada, CBU 0140423827610292630130, Sucursal 6102, CUIT Poder Judicial 30-70721665-0 del Banco de la Provincia de Buenos Aires

Para su conocimiento a continuación se transcriben los siguientes artículos:

ARTICULO 531° del Código Civil y Comercial de la Provincia de Buenos Aires: Bienes en poder de un tercero. Si los bienes embargados s";4376;4399;4376;4799
44;513551;Embargo - usuario;6;cuenta judicial;Cuenta_depositar;"cuenta Judicial en pesos N° 926301/3 en la moneda solicitada, CBU 0140423827610292630130, Sucursal 6102, CUIT Poder Judicial 30-70721665-0 del Banco de la Provincia de Buenos Aires

Para su conocimiento a continuación se transcriben los siguientes artículos:

ARTICULO 531° del Código Civil y Comercial de la Provincia de Buenos Aires: Bienes en poder de un tercero. Si los bienes embargados se encontraren en poder";4406;4421;4406;4821
45;522290;Embargo - usuario;1;decrétese embargo;Datos_Embargado;"decretése EMBARGO, por las sumas
de PESOS CINCO MIL SEISCIENTO SESENTA Y TRES
CON 18/100 ($5.663,18) importe del crédito que se reclama en a
utos, con más la de PESOS DOS MIL QUINIENTOS ($2.500) que
se presupuestan prima facie para responder a intereses y costas del
juicio, sobre los fondos existentes en la cuenta de Mercado Libre SRL

a nombre el ejecutado Sr. GRACIELA EDITH CANO (DNI N° 18.347.843);

debiendo de";4174;4191;4174;4591
45;522290;Embargo - usuario;2;por las sumas;Montos;"por las sumas
de PESOS CINCO MIL SEISCIENTO SESENTA Y TRES
CON 18/100 ($5.663,18) importe del crédito que se reclama en a
utos, con más la de PESOS DOS MIL QUINIENTOS ($2.500) que
se presupuestan prima facie para responder a intereses y costas del
juicio, sobre los fondos existentes en la cuenta de Mercado Libre SRL

a nombre el ejecutado Sr. GRACIELA EDITH CANO (DNI N° 18.347.843);

debiendo depositarse los f";4193;4206;4193;4606
45;522290;Embargo - usuario;3;sobre los fondos;Datos_Embargado;"sobre los fondos existentes en la cuenta de Mercado Libre SRL

a nombre el ejecutado Sr. GRACIELA EDITH CANO (DNI N° 18.347.843);

debiendo depositarse los fondos que resulten en la cuenta abierta en el

Banco de la Provincia de Buenos Aires, sucursal San Justo

(Cuenta: 5120-5406370, CBU: 0140042727512054063708), a la orden

de la suscripta y como perteneciente a estos autos.- Asimismo, ofíciase

con los recaudo";4449;4465;4449;4865
45;522290;Embargo - usuario;4;debiendo depositarse los fondos;Cuenta_depositar;"debiendo depositarse los fondos que resulten en la cuenta abierta en el

Banco de la Provincia de Buenos Aires, sucursal San Justo

(Cuenta: 5120-5406370, CBU: 0140042727512054063708), a la orden

de la suscripta y como perteneciente a estos autos.- Asimismo, ofíciase

con los recaudos de rigor,- en su caso en los términos de la ley 22.172 -

haciéndole saber a la entidad que deberá acreditar su cumplimiento en

el plazo de cin";4580;4611;4580;5011
46;501201;Embargo - usuario;1;trabar embargo;Datos_Embargado;"trabar embargo sobre las cuentas de las que es titular en esa entidad quién más abajo se individualiza como embargado y por el monto que también se indica.

Dicha medida fue ordenada sobre los fondos presentes y futuros que tenga invertidos en cuotas partes del Fondo común de inversión Mercado Fondos administrado por Mercado Pago Asset Management S.A, el demandado en autos Claudia Marcela Ledo, con

Poder Judic";579;593;579;993
46;501201;Embargo - usuario;2;sobre los fondos;Datos_Embargado;"sobre los fondos presentes y futuros que tenga invertidos en cuotas partes del Fondo común de inversión Mercado Fondos administrado por Mercado Pago Asset Management S.A, el demandado en autos Claudia Marcela Ledo, con

Poder Judicial de la Nación

JUZGADO COMERCIAL 14 - SECRETARIA Nº 27

DNI 24.535.698 a su nombre y fueran susceptibles de ser embargadas. El embargo deberá trabarse hasta cubrir las sumas de $10.3";762;778;762;1178
46;501201;Embargo - usuario;3;hasta cubrir las sumas;Montos;"hasta cubrir las sumas de $10.337,64, más la suma de $10.337,64 presupuestada para intereses y costas.-

Las sumas retenidas, deberán ser depositadas en la cuenta judicial Libro 844 Folio 665 DV.9, con C.B.U. 0290075900229084406652, especialmente abierta al efecto en las actuaciones citadas y a la orden del Juez interviniente, en el Banco de la Ciudad de Buenos Aires, Sucursal Tribunales, CUIT Nº30-99903208-3.-

Se hac";1147;1169;1147;1569
46;501201;Embargo - usuario;4;hasta cubrir;Montos;"hasta cubrir las sumas de $10.337,64, más la suma de $10.337,64 presupuestada para intereses y costas.-

Las sumas retenidas, deberán ser depositadas en la cuenta judicial Libro 844 Folio 665 DV.9, con C.B.U. 0290075900229084406652, especialmente abierta al efecto en las actuaciones citadas y a la orden del Juez interviniente, en el Banco de la Ciudad de Buenos Aires, Sucursal Tribunales, CUIT Nº30-99903208-3";1147;1159;1147;1559
46;501201;Embargo - usuario;5;deberán ser depositadas;Cuenta_depositar;"deberán ser depositadas en la cuenta judicial Libro 844 Folio 665 DV.9, con C.B.U. 0290075900229084406652, especialmente abierta al efecto en las actuaciones citadas y a la orden del Juez interviniente, en el Banco de la Ciudad de Buenos Aires, Sucursal Tribunales, CUIT Nº30-99903208-3.-

Se hace saber que deberá abstenerse de tratar la medida solicitada, en caso de que en la cuenta perteneciente al ejecutado se deposit";1273;1296;1273;1696
46;501201;Embargo - usuario;6;cuenta judicial;Cuenta_depositar;"cuenta judicial Libro 844 Folio 665 DV.9, con C.B.U. 0290075900229084406652, especialmente abierta al efecto en las actuaciones citadas y a la orden del Juez interviniente, en el Banco de la Ciudad de Buenos Aires, Sucursal Tribunales, CUIT Nº30-99903208-3.-

Se hace saber que deberá abstenerse de tratar la medida solicitada, en caso de que en la cuenta perteneciente al ejecutado se depositen los haberes (ley 27";1303;1318;1303;1718
46;501201;Embargo - usuario;7;hasta cubrir;Montos;"hasta cubrir el monto $10.337,64, más la suma de $10.337,64 presupuestada para intereses y costas, sobre las sumas que por

Poder Judicial de la Nación

JUZGADO COMERCIAL 14 - SECRETARIA Nº 27

cualquier motivo tenga depositados y /o invertidas por cuenta corriente, caja de ahorro, plazo fijo o que por cualquier causa fueran a ingresar en el futuro en Mercado Pago Asset Management S.A; a nombre de Claudia Mar";2053;2065;2053;2465
46;501201;Embargo - usuario;8;deberán ser depositados;Cuenta_depositar;deberán ser depositados en la cuenta abierta a nombre de estas actuaciones y a la orden de este tribunal en el Banco de la Ciudad de Bs. As, Suc. Tribunales (Lº844 Fº665 DV9, CBU 02900759 00229084406652). Asimismo también debe dejarse constancia que la entidad oficiada deberá abstenerse de tratar la medida solicitada, en caso de que en la cuenta perteneciente al ejecutado se depositen los haberes (ley 27.320 modif. De l;2510;2533;2510;2933
47;538037;Embargo - usuario;1;sobre los fondos;Datos_Embargado;sobre los fondos que por cualquier concepto posea o integre en el futuro la parte demandada en autos, Sra. GRISELDA BEATRIZ VALENZUELA, DNI 24.326.675, siempre y cuando no posea una caja de ahorro sueldo, hasta cubrir la suma de PESOS CIENTO CUARENTA Y UN MIL DOScientos CINCUENTA Y SEIS CON VEINTICINCO CENTAVOS ($141.356,25), importe del reclamado, con más la suma de PESOS SETENTA MIL ($70.000,00) fijada provisor;1559;1575;1559;1975
47;538037;Embargo - usuario;2;hasta cubrir la suma;Montos;"hasta cubrir la suma de PESOS CIENTO CUARENTA Y UN MIL DOScientos CINCUENTA Y SEIS CON VEINTICINCO CENTAVOS ($141.356,25), importe del reclamado, con más la suma de PESOS SETENTA MIL ($70.000,00) fijada provisoriamente para cubrir a intereses y costas del juicio.
La cantidad indicada deberá ser depositada en la cuenta judicial en pesos N° 027-919475/4, CBU 0136927509991947545, CUIT 30-70721665-0, en el Banco de la Pr";1764;1784;1764;2184
47;538037;Embargo - usuario;3;hasta cubrir;Montos;"hasta cubrir la suma de PESOS CIENTO CUARENTA Y UN MIL DOScientos CINCUENTA Y SEIS CON VEINTICINCO CENTAVOS ($141.356,25), importe del reclamado, con más la suma de PESOS SETENTA MIL ($70.000,00) fijada provisoriamente para cubrir a intereses y costas del juicio.
La cantidad indicada deberá ser depositada en la cuenta judicial en pesos N° 027-919475/4, CBU 0136927509991947545, CUIT 30-70721665-0, en el Banco ";1764;1776;1764;2176
47;538037;Embargo - usuario;4;cubrir la suma;Montos;"cubrir la suma de PESOS CIENTO CUARENTA Y UN MIL DOScientos CINCUENTA Y SEIS CON VEINTICINCO CENTAVOS ($141.356,25), importe del reclamado, con más la suma de PESOS SETENTA MIL ($70.000,00) fijada provisoriamente para cubrir a intereses y costas del juicio.
La cantidad indicada deberá ser depositada en la cuenta judicial en pesos N° 027-919475/4, CBU 0136927509991947545, CUIT 30-70721665-0, en el Banco de la Pr";1770;1784;1770;2184
47;538037;Embargo - usuario;5;depositada en la cuenta;Cuenta_depositar;"depositada en la cuenta judicial en pesos N° 027-919475/4, CBU 0136927509991947545, CUIT 30-70721665-0, en el Banco de la Provincia de Buenos Aires, Sucursal Tribunales de SAN ISIDRO, a nombre de estos autos y a la orden de este Juzgado.
El auto que ordena la medida dice en su parte pertinente:
San Isidro, 12 de septiembre de 2024. (...) II. Atento lo pedido y hasta cubrir el importe de la suma de $1.356,25 con más la d";2060;2083;2060;2483
47;538037;Embargo - usuario;6;cuenta judicial;Cuenta_depositar;"cuenta judicial en pesos N° 027-919475/4, CBU 0136927509991947545, CUIT 30-70721665-0, en el Banco de la Provincia de Buenos Aires, Sucursal Tribunales de SAN ISIDRO, a nombre de estos autos y a la orden de este Juzgado.
El auto que ordena la medida dice en su parte pertinente:
San Isidro, 12 de septiembre de 2024. (...) II. Atento lo pedido y hasta cubrir el importe de la suma de $1.356,25 con más la de $70.000";2077;2092;2077;2492
47;538037;Embargo - usuario;7;hasta cubrir;Montos;hasta cubrir el importe de la suma de $1.356,25 con más la de $70.000, que se presupuestan para responder a intereses y costas, trábese embargo sobre los fondos de GRISELDA BEATRIZ VALENZUELA (DNI 24.326.675) que por cualquier concepto posea en el presente o futuro en el Mercado Libre SRL y Banco Industrial S.A., dejándose constancia que las sumas retenidas deberán ser depositadas en la cuenta a abrirse, a no;2423;2435;2423;2835
47;538037;Embargo - usuario;8;trabese embargo;Datos_Embargado;trábese embargo sobre los fondos de GRISELDA BEATRIZ VALENZUELA (DNI 24.326.675) que por cualquier concepto posea en el presente o futuro en el Mercado Libre SRL y Banco Industrial S.A., dejándose constancia que las sumas retenidas deberán ser depositadas en la cuenta a abrirse, a nombre de autos y a orden de este Juzgado y Secretaría en el Banco de la Provincia de Buenos Aires, Sucursal Tribunales de San Isidro;2551;2566;2551;2966
47;538037;Embargo - usuario;9;sobre los fondos;Datos_Embargado;sobre los fondos de GRISELDA BEATRIZ VALENZUELA (DNI 24.326.675) que por cualquier concepto posea en el presente o futuro en el Mercado Libre SRL y Banco Industrial S.A., dejándose constancia que las sumas retenidas deberán ser depositadas en la cuenta a abrirse, a nombre de autos y a orden de este Juzgado y Secretaría en el Banco de la Provincia de Buenos Aires, Sucursal Tribunales de San Isidro (CUIT n° 30-7072;2567;2583;2567;2983
47;538037;Embargo - usuario;10;deberán ser depositadas;Cuenta_depositar;"deberán ser depositadas en la cuenta a abrirse, a nombre de autos y a orden de este Juzgado y Secretaría en el Banco de la Provincia de Buenos Aires, Sucursal Tribunales de San Isidro (CUIT n° 30-70721665-0). A tal fin, librese oficio. Firmado: ROBLES Estela - 2""

Se deja constancia que el Juzgado es competente en razón del monto, materia y territorio.
Se autoriza al diligenciamiento del presente oficio al Dr. Javier He";2783;2806;2783;3206
48;538114;Embargo - usuario;1;sobre los fondos;Datos_Embargado;sobre los fondos que por cualquier concepto posea o integre en el futuro la parte demandada en autos, Sr. ANGEL EZEQUIEL ALARCON, DNI 44.583.812, siempre y cuando no sea una caja de ahorro sueldo, hasta cubrir la suma de PESOS CIENTO CUARENTA Y OCHO MIL NOVECIENTOS NOVENTA Y CUATRO CON SESENTA Y SIETE CENTAVOS ($148.994,67), importe del crédito reclamado, con más la suma de PESOS SETENTA MIL ($70.062,00) fijada p;1436;1452;1436;1852
48;538114;Embargo - usuario;2;hasta cubrir la suma;Montos;"hasta cubrir la suma de PESOS CIENTO CUARENTA Y OCHO MIL NOVECIENTOS NOVENTA Y CUATRO CON SESENTA Y SIETE CENTAVOS ($148.994,67), importe del crédito reclamado, con más la suma de PESOS SETENTA MIL ($70.062,00) fijada provisoriamente para responder a intereses y costas del juicio.
La cantidad indicada deberá ser depositada en la cuenta judicial en pesos N° 027-91932214, CBU 0140136927509991932242, CUIT 30-70721665-0,";1633;1653;1633;2053
48;538114;Embargo - usuario;3;hasta cubrir;Montos;"hasta cubrir la suma de PESOS CIENTO CUARENTA Y OCHO MIL NOVECIENTOS NOVENTA Y CUATRO CON SESENTA Y SIETE CENTAVOS ($148.994,67), importe del crédito reclamado, con más la suma de PESOS SETENTA MIL ($70.062,00) fijada provisoriamente para responder a intereses y costas del juicio.
La cantidad indicada deberá ser depositada en la cuenta judicial en pesos N° 027-91932214, CBU 0140136927509991932242, CUIT 30-707";1633;1645;1633;2045
48;538114;Embargo - usuario;4;cubrir la suma;Montos;"cubrir la suma de PESOS CIENTO CUARENTA Y OCHO MIL NOVECIENTOS NOVENTA Y CUATRO CON SESENTA Y SIETE CENTAVOS ($148.994,67), importe del crédito reclamado, con más la suma de PESOS SETENTA MIL ($70.062,00) fijada provisoriamente para responder a intereses y costas del juicio.
La cantidad indicada deberá ser depositada en la cuenta judicial en pesos N° 027-91932214, CBU 0140136927509991932242, CUIT 30-70721665-0,";1639;1653;1639;2053
48;538114;Embargo - usuario;5;depositada en la cuenta;Cuenta_depositar;"depositada en la cuenta judicial en pesos N° 027-91932214, CBU 0140136927509991932242, CUIT 30-70721665-0, en el Banco de la Provincia de Buenos Aires. Sucursal Tribunales de SAN ISIDRO, a nombre de estos autos y a la orden de este Juzgado.
El auto que ordena la medida dice en su parte pertinente:
""San Isidro, 11 de Septiembre de 2024. Atento lo pedido y hasta cubrir el importe de la suma de $148.994,67 con más la de $7";1947;1970;1947;2370
48;538114;Embargo - usuario;6;cuenta judicial;Cuenta_depositar;"cuenta judicial en pesos N° 027-91932214, CBU 0140136927509991932242, CUIT 30-70721665-0, en el Banco de la Provincia de Buenos Aires. Sucursal Tribunales de SAN ISIDRO, a nombre de estos autos y a la orden de este Juzgado.
El auto que ordena la medida dice en su parte pertinente:
""San Isidro, 11 de Septiembre de 2024. Atento lo pedido y hasta cubrir el importe de la suma de $148.994,67 con más la de $70.000, qu";1964;1979;1964;2379
48;538114;Embargo - usuario;7;hasta cubrir;Montos;hasta cubrir el importe de la suma de $148.994,67 con más la de $70.000, que se presupuestan para responder a intereses y costas, trábase embargo sobre los fondos del demandado que por cualquier concepto posea en el presente o futuro en la entidad mencionada, siempre y cuando no sea una caja de ahorro sueldo. a tal fin oficíese en la forma de estilo, dejándose constancia que las sumas retenidas deberán ser de;2304;2316;2304;2716
48;538114;Embargo - usuario;8;sobre los fondos;Datos_Embargado;sobre los fondos del demandado que por cualquier concepto posea en el presente o futuro en la entidad mencionada, siempre y cuando no sea una caja de ahorro sueldo. a tal fin oficíese en la forma de estilo, dejándose constancia que las sumas retenidas deberán ser depositadas en una cuenta a nombre de autos y a la orden de este Juzgado y Secretaría en el Banco de la Provincia de Buenos Aires, Sucursal Tribunales d;2450;2466;2450;2866
48;538114;Embargo - usuario;9;deberán ser depositadas;Cuenta_depositar;"deberán ser depositadas en una cuenta a nombre de autos y a la orden de este Juzgado y Secretaría en el Banco de la Provincia de Buenos Aires, Sucursal Tribunales de San Isidro. Firmado: ROBLES Estela - JUEZ.""
Se deja constancia que el Juzgado es competente en razón del monto, materia y territorio.
Se autoriza al diligenciamiento del presente oficio al Dr. Javier Hernán Petralli (T° XVII F° 433 C.A.S.M.) y/o Sandra Fabi";2702;2725;2702;3125
49;529847;Embargo - usuario;1;embargo de naturaleza ejecutoria;Datos_Embargado;"embargo de naturaleza ejecutoria, sobre el demandado LIPSKER MATIAS ALEXIS DNI 24.564.225 CUIL 20-24564225-4,--por la suma de $7.528.043 (PESOS SIETE MILLONES QUINIENTOS VEINTIOCHO MIL CUARENTA Y TRES) en concepto de acreencias insolutas más la suma de $2.125.000 (PESOS DOS MILLONES CIENTO VEINTICINCO MIL) que presupuesto en forma provisoria, para responder a accesorios y costas de la medida -art 213 primera parte del CPCCN.

La";592;624;592;1024
49;529847;Embargo - usuario;2;por la suma;Montos;"por la suma de $7.528.043 (PESOS SIETE MILLONES QUINIENTOS VEINTIOCHO MIL CUARENTA Y TRES) en concepto de acreencias insolutas más la suma de $2.125.000 (PESOS DOS MILLONES CIENTO VEINTICINCO MIL) que presupuesto en forma provisoria, para responder a accesorios y costas de la medida -art 213 primera parte del CPCCN.

Las sumas embargadas deberán ser transferidas a la orden del Juzgado en la cuenta 6 - 007 - ";703;714;703;1114
49;529847;Embargo - usuario;3;deberán ser transferidas;Cuenta_depositar;"deberán ser transferidas a la orden del Juzgado en la cuenta 6 - 007 - - 1384 - 974 - 3 , CBU N° 02900759-00266138409740 del BANCO DE LA CIUDAD DE BUENOS ARIES-Sucursal 75- abierta y registrada de estos autos y a mi orden -ver. para ello Comunicaciones “B” 10085 y 10416 del BCRA-

Se le hace saber a la entidad que la medida deberá ser mantenida hasta su total cumplimiento en caso de insuficiencia de fondos, con debida no";1043;1067;1043;1467
49;529847;Embargo - usuario;4;sobre los fondos;Datos_Embargado;"sobre los fondos actuales o futuros que, en cualquier clase de cuenta o imposición de titularidad o cotitularidad -en tal caso, la medida se limitará al 50% -cincuenta- por ciento de los fondos existentes en tales -v.para ello, el art. 1400 del C.C.y C.N.-, posea la citada cocondenada en la entidad bancaria -Casa Central o en cualquiera de sus sucursales-

En relación a ello, precisase que, en la hipótesis de que";1661;1677;1661;2077
50;495014;Embargo - usuario;1;hasta cubrir las sumas;Montos;"hasta cubrir las sumas de PESOS OCHO MIL CUATROCIENTOS CUARENTA ($8440), importe de honorarios regulados y reclamados en la presente incidencia, la de PESOS OCHOCIENTOS CUARENTA Y CUATRO MIL ($844) en concepto de aportes, con más la suma de PESOS CUATRO MIL DOSCIENTOS VEINTE ($4220), que se presupuesta ""prima facie"" para responder a intereses, costos y costas del juicio.
Las sumas retenidas deberán ser depositadas en l";1363;1385;1363;1785
50;495014;Embargo - usuario;2;hasta cubrir;Montos;"hasta cubrir las sumas de PESOS OCHO MIL CUATROCIENTOS CUARENTA ($8440), importe de honorarios regulados y reclamados en la presente incidencia, la de PESOS OCHOCIENTOS CUARENTA Y CUATRO MIL ($844) en concepto de aportes, con más la suma de PESOS CUATRO MIL DOSCIENTOS VEINTE ($4220), que se presupuesta ""prima facie"" para responder a intereses, costos y costas del juicio.
Las sumas retenidas deberán ser deposi";1363;1375;1363;1775
50;495014;Embargo - usuario;3;deberán ser depositadas;Cuenta_depositar;"deberán ser depositadas en la cuenta judicial cuyos datos se transcriben a continuación
Banco de la Provincia de Buenos Aires
Sucursal Quilmes Centro.
Nro. de Cuenta: 5087-027-0094714/7 (Prop.: 455208)
Juzgado: JUZGADO DE FAMILIA 1 QUILMES
Denominación: ""NAVARRO LUIS ALBERTO C/ZARZA GRACIELA MÓNICA S/ EJECUCIÓN DE HONORARIOS"" (CAUS)
CBU: 0140027427508709471473
Cuit del Poder Judicial: 30707216650
Quilmes..Por presentado";1757;1780;1757;2180
50;495014;Embargo - usuario;4;cuenta judicial;Cuenta_depositar;"cuenta judicial cuyos datos se transcriben a continuación
Banco de la Provincia de Buenos Aires
Sucursal Quilmes Centro.
Nro. de Cuenta: 5087-027-0094714/7 (Prop.: 455208)
Juzgado: JUZGADO DE FAMILIA 1 QUILMES
Denominación: ""NAVARRO LUIS ALBERTO C/ZARZA GRACIELA MÓNICA S/ EJECUCIÓN DE HONORARIOS"" (CAUS)
CBU: 0140027427508709471473
Cuit del Poder Judicial: 30707216650
Quilmes..Por presentado, parte en el carácter";1787;1802;1787;2202
50;495014;Embargo - usuario;5;hasta cubrir las sumas;Montos;"hasta cubrir las sumas de PESOS OCHO MIL CUATROCIENTOS CUARENTA ($8440), importe de honorarios regulados y reclamados en la presente incidencia, la de PESOS OCHOCIENTOS CUARENTA Y CUATRO MIL ($844) en concepto de aportes, con más la suma de PESOS CUATRO MIL DOSCIENTOS VEINTE ($4220), que se presupuesta ""prima facie"" para responder a intereses, costos y costas del juicio, decretase el embargo sobre la cuenta que posee e";2403;2425;2403;2825
50;495014;Embargo - usuario;6;hasta cubrir;Montos;"hasta cubrir las sumas de PESOS OCHO MIL CUATROCIENTOS CUARENTA ($8440), importe de honorarios regulados y reclamados en la presente incidencia, la de PESOS OCHOCIENTOS CUARENTA Y CUATRO MIL ($844) en concepto de aportes, con más la suma de PESOS CUATRO MIL DOSCIENTOS VEINTE ($4220), que se presupuesta ""prima facie"" para responder a intereses, costos y costas del juicio, decretase el embargo sobre la cuenta q";2403;2415;2403;2815
50;495014;Embargo - usuario;7;embargo sobre la Cuenta;Datos_Embargado;"embargo sobre la cuenta que posee el demandado en Mercado Libre S.R.L. hasta el límite de ley.. A tal fin, librese el oficio a la empresa MERCADO LIBRE S.R.L ( arts 198, 198, 204, 233 y ctes del C.P.C.C.). Una vez efectivizada la medida , notifíquese a los afectados (art. 198, 2do párrafo del C.P.C.C.).

Las sumas consignadas supra deberán ser retenidas y depositadas del 1 al 10 de cada mes en el Banco de la Provincia d";2790;2813;2790;3213
51;543609;Embargo - usuario;1;hasta cubrir la suma;Montos;hasta cubrir la suma 20 JUS, LO QUE AL DIA DE LA FECHA REPRESENTA LA CANTIDAD de $658.440 (SEISCIENTOS CINCUENTA Y OCHO MIL CUATROCIENTOS CUARENTA), con mas la suma correspondiente a los aportes de ley $65.844 (SESENTA Y CINCO MIL OCHOCIENTOS CUARENTA Y CUATRO), con mas la de $197.532 (CIENTO NOVENTA Y SIETE MIL CON QUINIENTOS TREINTA Y DOS) que se fijan provisoriamente para responder a intereses y costas de la prese;1498;1518;1498;1918
51;543609;Embargo - usuario;2;hasta cubrir;Montos;hasta cubrir la suma 20 JUS, LO QUE AL DIA DE LA FECHA REPRESENTA LA CANTIDAD de $658.440 (SEISCIENTOS CINCUENTA Y OCHO MIL CUATROCIENTOS CUARENTA), con mas la suma correspondiente a los aportes de ley $65.844 (SESENTA Y CINCO MIL OCHOCIENTOS CUARENTA Y CUATRO), con mas la de $197.532 (CIENTO NOVENTA Y SIETE MIL CON QUINIENTOS TREINTA Y DOS) que se fijan provisoriamente para responder a intereses y costas de ;1498;1510;1498;1910
51;543609;Embargo - usuario;3;cubrir la suma;Montos;cubrir la suma 20 JUS, LO QUE AL DIA DE LA FECHA REPRESENTA LA CANTIDAD de $658.440 (SEISCIENTOS CINCUENTA Y OCHO MIL CUATROCIENTOS CUARENTA), con mas la suma correspondiente a los aportes de ley $65.844 (SESENTA Y CINCO MIL OCHOCIENTOS CUARENTA Y CUATRO), con mas la de $197.532 (CIENTO NOVENTA Y SIETE MIL CON QUINIENTOS TREINTA Y DOS) que se fijan provisoriamente para responder a intereses y costas de la prese;1504;1518;1504;1918
51;543609;Embargo - usuario;4;hasta cubrir la suma;Montos;"hasta cubrir la suma 20 JUS, LO QUE AL DIA DE LA FECHA REPRESENTA LA CANTIDAD de $658.440 (SEISCIENTOS CINCUENTA Y OCHO MIL CUATROCIENTOS CUARENTA), con mas la suma correspondiente a los

aportes de ley $65.844 (SESENTA Y CINCO MIL OCHOCIENTOS CUARENTA Y CUATRO), con mas la de $197.532 (CIENTO NOVENTA Y SIETE MIL CON QUINIENTOS TREINTA Y DOS) que se fijan provisoriamente para responder a intereses y costas de la pres";3398;3418;3398;3818
51;543609;Embargo - usuario;5;hasta cubrir;Montos;"hasta cubrir la suma 20 JUS, LO QUE AL DIA DE LA FECHA REPRESENTA LA CANTIDAD de $658.440 (SEISCIENTOS CINCUENTA Y OCHO MIL CUATROCIENTOS CUARENTA), con mas la suma correspondiente a los

aportes de ley $65.844 (SESENTA Y CINCO MIL OCHOCIENTOS CUARENTA Y CUATRO), con mas la de $197.532 (CIENTO NOVENTA Y SIETE MIL CON QUINIENTOS TREINTA Y DOS) que se fijan provisoriamente para responder a intereses y costas de";3398;3410;3398;3810
51;543609;Embargo - usuario;6;cubrir la suma;Montos;"cubrir la suma 20 JUS, LO QUE AL DIA DE LA FECHA REPRESENTA LA CANTIDAD de $658.440 (SEISCIENTOS CINCUENTA Y OCHO MIL CUATROCIENTOS CUARENTA), con mas la suma correspondiente a los

aportes de ley $65.844 (SESENTA Y CINCO MIL OCHOCIENTOS CUARENTA Y CUATRO), con mas la de $197.532 (CIENTO NOVENTA Y SIETE MIL CON QUINIENTOS TREINTA Y DOS) que se fijan provisoriamente para responder a intereses y costas de la pres";3404;3418;3404;3818
51;543609;Embargo - usuario;7;cuenta judicial;Cuenta_depositar;"cuenta judicial y sucursal de radicación de la misma, la Clave Bancaria Uniforme (CBU).- Funcionario Firmante :30/10/2024 10:40:56 - MARTOS Lorena Malvina - JUEZ"" y ""San Martín, 24 de febrero de 2026. Téngase presente lo solicitado, a tales efectos, amplíese el embargo ordenado en fecha 30/10/2024 a la cuentas de MercadoPago del Sr. CARDOZO MIGUEL ANGEL, a tales efectos librese oficio quedando a cargo de la part";4483;4498;4483;4898
51;543609;Embargo - usuario;8;ampliese el embargo;Datos_Embargado;"amplíese el embargo ordenado en fecha 30/10/2024 a la cuentas de MercadoPago del Sr. CARDOZO MIGUEL ANGEL, a tales efectos librese oficio quedando a cargo de la parte interesada su confección. BAGGIO Paula Valeria. JUEZ.""

Se le hace saber al destinatario que el presente oficio se encuentra suscripto en forma digital; a fin de verificar su autoría e integridad deberá acceder al sitio web https:notificaciones.scba.go";4733;4752;4733;5152
52;535837;Embargo - usuario;1;trabar embargo;Datos_Embargado;TRABAR EMBARGO sobre cuentas corrientes, cajas de ahorro y/o plazos fijos en pesos y en dólares, y cualquier otra tenencia o inversión registrada que percibe el Sr/a: LUNA HORACIO EMANUEL, titular del D.N.I. 35499690, por la suma de PESOS CUARENTA Y SEIS MIL CIENTO CINCUENTA ($46.150.-) importe del crédito que se reclama en autos, con más la de PESOS VEINTITRES MIL ($23.000.-) que se presupuestan para cubrir in;1414;1428;1414;1828
52;535837;Embargo - usuario;2;por la suma;Montos;"por la suma de PESOS CUARENTA Y SEIS MIL CIENTO CINCUENTA ($46.150.-) importe del crédito que se reclama en autos, con más la de PESOS VEINTITRES MIL ($23.000.-) que se presupuestan para cubrir intereses costos y costas de la ejecución.
Las sumas embargadas deberán depositarse en la sucursal Quilmes Centro (n°5087) del Banco de la Provincia de Buenos Aires en la CUENTA: 5087-027-0091415/0, CBU: 0140027427508";1632;1643;1632;2043
52;535837;Embargo - usuario;3;deberán depositarse;Cuenta_depositar;"deberán depositarse en la sucursal Quilmes Centro (n°5087) del Banco de la Provincia de Buenos Aires en la CUENTA: 5087-027-0091415/0, CBU: 0140027427508709141509 a la orden de V.S. y como pertenecientes estos autos. Se deja sentado que el CUIT del Poder Judicial es 30-99913926-0.
Asimismo, se le hace saber que deberá acreditar en el expediente los depósitos efectuados como así también hacer saber cualquier circunst";1890;1909;1890;2309
52;535837;Embargo - usuario;4;sobre los fondos;Datos_Embargado;sobre los fondos que tuviere acreditado el ejecutado LUNA HORACIO EMANUEL DNI 35499690 en la cuenta con CVU (Clave Virtual Uniforme) a su titularidad, de la plataforma MERCADO PAGO de Mercado Libre S.R.L., hasta cubrir las sumas de PESOS CUARENTA Y SEIS MIL CIENTO CINCUENTA ($ 46.150) importe del crédito que se reclama en autos, con más la de PESOS VEINTITRES MIL ($ 23.000) que se presupuestan para cubrir interes;2493;2509;2493;2909
52;535837;Embargo - usuario;5;hasta cubrir las sumas;Montos;hasta cubrir las sumas de PESOS CUARENTA Y SEIS MIL CIENTO CINCUENTA ($ 46.150) importe del crédito que se reclama en autos, con más la de PESOS VEINTITRES MIL ($ 23.000) que se presupuestan para cubrir intereses costos y costas de la ejecución. Dichos fondos serán transferidos a la cuenta de autos N°5087-027-0091415/0 (CBU: 0140027427508709141509) del Banco de la Provincia de Buenos Aires, sucursal Quilmes Centro (508;2699;2721;2699;3121
52;535837;Embargo - usuario;6;hasta cubrir;Montos;hasta cubrir las sumas de PESOS CUARENTA Y SEIS MIL CIENTO CINCUENTA ($ 46.150) importe del crédito que se reclama en autos, con más la de PESOS VEINTITRES MIL ($ 23.000) que se presupuestan para cubrir intereses costos y costas de la ejecución. Dichos fondos serán transferidos a la cuenta de autos N°5087-027-0091415/0 (CBU: 0140027427508709141509) del Banco de la Provincia de Buenos Aires, sucursal Quilmes C;2699;2711;2699;3111
53;503810;Embargo - usuario;1;hasta cubrir las sumas;Montos;hasta cubrir las sumas de $3.195.069,42 -conforme liquidación aprobada-, se tome razón del EMBARGO decretado en autos sobre las Cuentas con ID de usuario 651913138, y CVU 0000003100112225248889 y 0000003100112225248886, perteneciente al demandado HORACIO LUIS VACCHER DNI 11.376.446 de Mercado Libre S.R.L., en la medida que no se trate de una cuenta sueldo o depósito de remuneraciones que sean inembargables. Para este s;1382;1404;1382;1804
53;503810;Embargo - usuario;2;hasta cubrir;Montos;hasta cubrir las sumas de $3.195.069,42 -conforme liquidación aprobada-, se tome razón del EMBARGO decretado en autos sobre las Cuentas con ID de usuario 651913138, y CVU 0000003100112225248889 y 0000003100112225248886, perteneciente al demandado HORACIO LUIS VACCHER DNI 11.376.446 de Mercado Libre S.R.L., en la medida que no se trate de una cuenta sueldo o depósito de remuneraciones que sean inembargables. P;1382;1394;1382;1794
53;503810;Embargo - usuario;3;deberán ser depositadas;Cuenta_depositar;"deberán ser depositadas en una cuenta abierta a nombre de autos y a la orden de este Juzgado y Secretaría de Apremios, en el Banco de la Provincia de Buenos Aires, Sucursal Tribunales de La Plata, nro. 2050-027-01574207 (Prop.: 1035400), CBU: 014011472705105742078, CUIT: 30-70721665-0.
El auto que ordena la presente medida en su parte pertinente dice: ""La Plata, en la fecha de la firma digital (18/12/2025). Atento lo pe";1950;1973;1950;2373
53;503810;Embargo - usuario;4;líbrese nuevo oficio de embargo;Datos_Embargado;"librese nuevo oficio de embargo a Mercado Libre S.R.L. a los mismos fines y efectos que el ordenado con fecha 18/9/2025 con carácter reiteratorio (art. 531 del CPCC) y con copia de la anterior comunicación (ver oficio adjunto en pdf en la presentación a despacho)."" Fdo. Coradi Fabiana Maricel. Juez "" y""La Plata, en la fecha de la firma digital (18/09/2025)... Atento lo peticionado, bajo la responsabilidad de la parte actora, y ";2384;2415;2384;2815
53;503810;Embargo - usuario;5;hasta cubrir las sumas;Montos;hasta cubrir las sumas de $3.195.069,42 -conforme liquidación aprobada supra- decretáse embargo sobre las Cuentas con ID de usuario 651913138, y CVU 0000003100112225248889 y 0000003100112225248886, perteneciente al demandado HORACIO LUIS VACCHER DNI 11.376.446 de Mercado Libre S.R.L. (ver respuesta de fecha 10/9/25), en la medida que no se trate de una cuenta sueldo o depósito de remuneraciones que sean inembargables. ;2815;2837;2815;3237
53;503810;Embargo - usuario;6;hasta cubrir;Montos;hasta cubrir las sumas de $3.195.069,42 -conforme liquidación aprobada supra- decretáse embargo sobre las Cuentas con ID de usuario 651913138, y CVU 0000003100112225248889 y 0000003100112225248886, perteneciente al demandado HORACIO LUIS VACCHER DNI 11.376.446 de Mercado Libre S.R.L. (ver respuesta de fecha 10/9/25), en la medida que no se trate de una cuenta sueldo o depósito de remuneraciones que sean inemb;2815;2827;2815;3227
53;503810;Embargo - usuario;7;decretase embargo sobre;Datos_Embargado;decretáse embargo sobre las Cuentas con ID de usuario 651913138, y CVU 0000003100112225248889 y 0000003100112225248886, perteneciente al demandado HORACIO LUIS VACCHER DNI 11.376.446 de Mercado Libre S.R.L. (ver respuesta de fecha 10/9/25), en la medida que no se trate de una cuenta sueldo o depósito de remuneraciones que sean inembargables. Para este supuesto de que la cuenta estuviese destinada al pago de sueldos o re;2893;2916;2893;3316
53;503810;Embargo - usuario;8;decrétase embargo;Datos_Embargado;decretáse embargo sobre las Cuentas con ID de usuario 651913138, y CVU 0000003100112225248889 y 0000003100112225248886, perteneciente al demandado HORACIO LUIS VACCHER DNI 11.376.446 de Mercado Libre S.R.L. (ver respuesta de fecha 10/9/25), en la medida que no se trate de una cuenta sueldo o depósito de remuneraciones que sean inembargables. Para este supuesto de que la cuenta estuviese destinada al pago de sueldo;2893;2910;2893;3310
53;503810;Embargo - usuario;9;deberán ser depositadas;Cuenta_depositar;"deberán ser depositadas en una cuenta a nombre de autos y a la orden de este Juzgado y Secretaría de Apremios, en el Banco de la Provincia de Buenos Aires, Sucursal Tribunales de La Plata. A cuyo fin librense los oficios de estilo (arts. 208, 536 CPCC)."" Fdo. Coradi Fabiana Maricel. Juez. ""
Se encuentran autorizados para su dilucidamiento el Dr. Pedro Agustín Cabrer Spinacci, el Dr. Carlos

Se acompaña copia de la anter";3442;3465;3442;3865
54;495686;Embargo - usuario;1;hasta cubrir la suma;Montos;hasta cubrir la suma de PESOS NOVECIENTOS MIL ($ 900.000), que se estiman suficientes a la fecha para responder a capital, intereses y costas del juicio. Las sumas embargadas deberán ser depositadas en la cuenta judicial N° 6598-5639111, CBU 0140482527659856391113. CUIT PODER JUDICIAL: 30-70721665-0, abierta en el Banco de la Provincia de Buenos Aires, Sucursal Tribunales de San Nicolás, a nombre de estos autos y ord;1517;1537;1517;1937
54;495686;Embargo - usuario;2;hasta cubrir;Montos;hasta cubrir la suma de PESOS NOVECIENTOS MIL ($ 900.000), que se estiman suficientes a la fecha para responder a capital, intereses y costas del juicio. Las sumas embargadas deberán ser depositadas en la cuenta judicial N° 6598-5639111, CBU 0140482527659856391113. CUIT PODER JUDICIAL: 30-70721665-0, abierta en el Banco de la Provincia de Buenos Aires, Sucursal Tribunales de San Nicolás, a nombre de estos aut;1517;1529;1517;1929
54;495686;Embargo - usuario;3;cubrir la suma;Montos;cubrir la suma de PESOS NOVECIENTOS MIL ($ 900.000), que se estiman suficientes a la fecha para responder a capital, intereses y costas del juicio. Las sumas embargadas deberán ser depositadas en la cuenta judicial N° 6598-5639111, CBU 0140482527659856391113. CUIT PODER JUDICIAL: 30-70721665-0, abierta en el Banco de la Provincia de Buenos Aires, Sucursal Tribunales de San Nicolás, a nombre de estos autos y ord;1523;1537;1523;1937
54;495686;Embargo - usuario;4;deberán ser depositadas;Cuenta_depositar;"deberán ser depositadas en la cuenta judicial N° 6598-5639111, CBU 0140482527659856391113. CUIT PODER JUDICIAL: 30-70721665-0, abierta en el Banco de la Provincia de Buenos Aires, Sucursal Tribunales de San Nicolás, a nombre de estos autos y orden del proveyente.-
Se hace saber que deberá abstenerse de ejecutar la presente medida en el caso de que los depósitos correspondan a ""Cuentas Sueldo"".
Como recaudo, transcribo a";1692;1715;1692;2115
54;495686;Embargo - usuario;5;cuenta judicial;Cuenta_depositar;"cuenta judicial N° 6598-5639111, CBU 0140482527659856391113. CUIT PODER JUDICIAL: 30-70721665-0, abierta en el Banco de la Provincia de Buenos Aires, Sucursal Tribunales de San Nicolás, a nombre de estos autos y orden del proveyente.-
Se hace saber que deberá abstenerse de ejecutar la presente medida en el caso de que los depósitos correspondan a ""Cuentas Sueldo"".
Como recaudo, transcribo a continuación la provi";1722;1737;1722;2137
54;495686;Embargo - usuario;6;decrétase embargo;Datos_Embargado;decretase embargo hasta cubrir la suma de PESOS NOVECIENTOS MIL ($ 900.000), que se estiman suficientes a la fecha para responder a capital, intereses y costas del juicio, sobre las cantidades presentes o futuras que la ejecutada tenga depositadas en la billetera virtual MERCADO PAGO S.A. Dichas sumas deberán depositarse en la cuenta judicial del Banco de la Provincia de Buenos Aires, sucursal Tribunales, a nombre;2287;2304;2287;2704
54;495686;Embargo - usuario;7;hasta cubrir la suma;Montos;hasta cubrir la suma de PESOS NOVECIENTOS MIL ($ 900.000), que se estiman suficientes a la fecha para responder a capital, intereses y costas del juicio, sobre las cantidades presentes o futuras que la ejecutada tenga depositadas en la billetera virtual MERCADO PAGO S.A. Dichas sumas deberán depositarse en la cuenta judicial del Banco de la Provincia de Buenos Aires, sucursal Tribunales, a nombre de autos y orden del;2305;2325;2305;2725
54;495686;Embargo - usuario;8;hasta cubrir;Montos;hasta cubrir la suma de PESOS NOVECIENTOS MIL ($ 900.000), que se estiman suficientes a la fecha para responder a capital, intereses y costas del juicio, sobre las cantidades presentes o futuras que la ejecutada tenga depositadas en la billetera virtual MERCADO PAGO S.A. Dichas sumas deberán depositarse en la cuenta judicial del Banco de la Provincia de Buenos Aires, sucursal Tribunales, a nombre de autos y o;2305;2317;2305;2717
54;495686;Embargo - usuario;9;cubrir la suma;Montos;cubrir la suma de PESOS NOVECIENTOS MIL ($ 900.000), que se estiman suficientes a la fecha para responder a capital, intereses y costas del juicio, sobre las cantidades presentes o futuras que la ejecutada tenga depositadas en la billetera virtual MERCADO PAGO S.A. Dichas sumas deberán depositarse en la cuenta judicial del Banco de la Provincia de Buenos Aires, sucursal Tribunales, a nombre de autos y orden del;2311;2325;2311;2725
54;495686;Embargo - usuario;10;deberán depositarse;Cuenta_depositar;"deberán depositarse en la cuenta judicial del Banco de la Provincia de Buenos Aires, sucursal Tribunales, a nombre de autos y orden del proveyente N° 6598-5639111, CBU 0140482527659856391113. Para su cumplimiento, oficíese a la entidad referida haciéndole saber que deberá abstenerse de ejecutar la presente medida en el caso de que los depósitos correspondan a ""Cuentas Sueldo"". ... FERNANDO A. ENGHelmAYER JUEZ EN LO ";2590;2609;2590;3009
54;495686;Embargo - usuario;11;depositarse en la cuenta;Cuenta_depositar;"depositarse en la cuenta judicial del Banco de la Provincia de Buenos Aires, sucursal Tribunales, a nombre de autos y orden del proveyente N° 6598-5639111, CBU 0140482527659856391113. Para su cumplimiento, oficíese a la entidad referida haciéndole saber que deberá abstenerse de ejecutar la presente medida en el caso de que los depósitos correspondan a ""Cuentas Sueldo"". ... FERNANDO A. ENGHelmAYER JUEZ EN LO CIVIL Y COMER";2598;2622;2598;3022
54;495686;Embargo - usuario;12;cuenta judicial;Cuenta_depositar;"cuenta judicial del Banco de la Provincia de Buenos Aires, sucursal Tribunales, a nombre de autos y orden del proveyente N° 6598-5639111, CBU 0140482527659856391113. Para su cumplimiento, oficíese a la entidad referida haciéndole saber que deberá abstenerse de ejecutar la presente medida en el caso de que los depósitos correspondan a ""Cuentas Sueldo"". ... FERNANDO A. ENGHelmAYER JUEZ EN LO CIVIL Y COMERCIAL""
Se ";2616;2631;2616;3031
55;495690;Embargo - usuario;1;hasta cubrir la suma;Montos;hasta cubrir la suma de PESOS DOSCIENTOS VEINTE MIL ($ 220.000), que se estiman suficientes a la fecha para responder a capital, intereses y costas del juicio. Las sumas embargadas deberán ser depositadas en la cuenta judicial N° 6598-5383122, CBU 0140482527659853831221. CUIT PODER JUDICIAL: 30-70721665-0, abierta en el Banco de la Provincia de Buenos Aires, Sucursal Tribunales de San Nicolás, a nombre de estos autos;1496;1516;1496;1916
55;495690;Embargo - usuario;2;hasta cubrir;Montos;hasta cubrir la suma de PESOS DOSCIENTOS VEINTE MIL ($ 220.000), que se estiman suficientes a la fecha para responder a capital, intereses y costas del juicio. Las sumas embargadas deberán ser depositadas en la cuenta judicial N° 6598-5383122, CBU 0140482527659853831221. CUIT PODER JUDICIAL: 30-70721665-0, abierta en el Banco de la Provincia de Buenos Aires, Sucursal Tribunales de San Nicolás, a nombre de est;1496;1508;1496;1908
55;495690;Embargo - usuario;3;cubrir la suma;Montos;cubrir la suma de PESOS DOSCIENTOS VEINTE MIL ($ 220.000), que se estiman suficientes a la fecha para responder a capital, intereses y costas del juicio. Las sumas embargadas deberán ser depositadas en la cuenta judicial N° 6598-5383122, CBU 0140482527659853831221. CUIT PODER JUDICIAL: 30-70721665-0, abierta en el Banco de la Provincia de Buenos Aires, Sucursal Tribunales de San Nicolás, a nombre de estos autos;1502;1516;1502;1916
55;495690;Embargo - usuario;4;deberán ser depositadas;Cuenta_depositar;"deberán ser depositadas en la cuenta judicial N° 6598-5383122, CBU 0140482527659853831221. CUIT PODER JUDICIAL: 30-70721665-0, abierta en el Banco de la Provincia de Buenos Aires, Sucursal Tribunales de San Nicolás, a nombre de estos autos y orden del proveyente.- Se hace saber que deberá abstenerse de ejecutar la presente medida en el caso de que los depósitos correspondan a ""Cuentas Sueldo"".
Como recaudo, transcribo a";1677;1700;1677;2100
55;495690;Embargo - usuario;5;cuenta judicial;Cuenta_depositar;"cuenta judicial N° 6598-5383122, CBU 0140482527659853831221. CUIT PODER JUDICIAL: 30-70721665-0, abierta en el Banco de la Provincia de Buenos Aires, Sucursal Tribunales de San Nicolás, a nombre de estos autos y orden del proveyente.- Se hace saber que deberá abstenerse de ejecutar la presente medida en el caso de que los depósitos correspondan a ""Cuentas Sueldo"".
Como recaudo, transcribo a continuación la provi";1707;1722;1707;2122
55;495690;Embargo - usuario;6;decrétase embargo;Datos_Embargado;decretase embargo, hasta cubrir la suma de PESOS DOSCIENTOS VEINTE MIL ($ 220.000), que se estiman suficientes a la fecha para responder a capital, intereses y costas del juicio, sobre las cantidades presentes o futuras que la ejecutada tenga depositadas en la billetera virtual MERCADO PAGO, S.A. Dichas sumas deberán depositarse en la cuenta judicial del Banco de la Provincia de Buenos Aires, sucursal Tribunales, ;2272;2289;2272;2689
55;495690;Embargo - usuario;7;hasta cubrir la suma;Montos;hasta cubrir la suma de PESOS DOSCIENTOS VEINTE MIL ($ 220.000), que se estiman suficientes a la fecha para responder a capital, intereses y costas del juicio, sobre las cantidades presentes o futuras que la ejecutada tenga depositadas en la billetera virtual MERCADO PAGO, S.A. Dichas sumas deberán depositarse en la cuenta judicial del Banco de la Provincia de Buenos Aires, sucursal Tribunales, a nombre de autos y or;2291;2311;2291;2711
55;495690;Embargo - usuario;8;hasta cubrir;Montos;hasta cubrir la suma de PESOS DOSCIENTOS VEINTE MIL ($ 220.000), que se estiman suficientes a la fecha para responder a capital, intereses y costas del juicio, sobre las cantidades presentes o futuras que la ejecutada tenga depositadas en la billetera virtual MERCADO PAGO, S.A. Dichas sumas deberán depositarse en la cuenta judicial del Banco de la Provincia de Buenos Aires, sucursal Tribunales, a nombre de au;2291;2303;2291;2703
55;495690;Embargo - usuario;9;cubrir la suma;Montos;cubrir la suma de PESOS DOSCIENTOS VEINTE MIL ($ 220.000), que se estiman suficientes a la fecha para responder a capital, intereses y costas del juicio, sobre las cantidades presentes o futuras que la ejecutada tenga depositadas en la billetera virtual MERCADO PAGO, S.A. Dichas sumas deberán depositarse en la cuenta judicial del Banco de la Provincia de Buenos Aires, sucursal Tribunales, a nombre de autos y or;2297;2311;2297;2711
55;495690;Embargo - usuario;10;deberán depositarse;Cuenta_depositar;"deberán depositarse en la cuenta judicial del Banco de la Provincia de Buenos Aires, sucursal Tribunales, a nombre de autos y orden del proveyente N° 6598-5383122, CBU 0140482527659853831221. Para su cumplimiento, oficíese a la entidad referida haciéndole saber que deberá abstenerse de ejecutar la presente medida en el caso de que los depósitos correspondan a ""Cuentas Sueldo"". ... FERNANDO A. ENGHelmAYER JUEZ EN LO ";2583;2602;2583;3002
55;495690;Embargo - usuario;11;depositarse en la cuenta;Cuenta_depositar;"depositarse en la cuenta judicial del Banco de la Provincia de Buenos Aires, sucursal Tribunales, a nombre de autos y orden del proveyente N° 6598-5383122, CBU 0140482527659853831221. Para su cumplimiento, oficíese a la entidad referida haciéndole saber que deberá abstenerse de ejecutar la presente medida en el caso de que los depósitos correspondan a ""Cuentas Sueldo"". ... FERNANDO A. ENGHelmAYER JUEZ EN LO CIVIL Y COMER";2591;2615;2591;3015
55;495690;Embargo - usuario;12;cuenta judicial;Cuenta_depositar;"cuenta judicial del Banco de la Provincia de Buenos Aires, sucursal Tribunales, a nombre de autos y orden del proveyente N° 6598-5383122, CBU 0140482527659853831221. Para su cumplimiento, oficíese a la entidad referida haciéndole saber que deberá abstenerse de ejecutar la presente medida en el caso de que los depósitos correspondan a ""Cuentas Sueldo"". ... FERNANDO A. ENGHelmAYER JUEZ EN LO CIVIL Y COMERCIAL""
Se ";2609;2624;2609;3024
56;536730;Embargo - usuario;1;hasta cubrir la suma;Montos;hasta cubrir la suma de PESOS TREINTA MIL ($ 30.000,00) que se estiman suficientes a los fines de este juicio. Los montos embargados deberán ser depositados en la cuenta judicial: 5514426, CBU CUENTA JUDICIAL: 014048252765985144282, en el PODER JUDICIAL: 30-70721665-0, abierta en el Banco de la Provincia de Buenos Aires, Sucursal Tribunales de San Nicolás, a nombre de estos autos y orden del proveyente.- Como recaudo;1497;1517;1497;1917
56;536730;Embargo - usuario;2;hasta cubrir;Montos;hasta cubrir la suma de PESOS TREINTA MIL ($ 30.000,00) que se estiman suficientes a los fines de este juicio. Los montos embargados deberán ser depositados en la cuenta judicial: 5514426, CBU CUENTA JUDICIAL: 014048252765985144282, en el PODER JUDICIAL: 30-70721665-0, abierta en el Banco de la Provincia de Buenos Aires, Sucursal Tribunales de San Nicolás, a nombre de estos autos y orden del proveyente.- Como;1497;1509;1497;1909
56;536730;Embargo - usuario;3;cubrir la suma;Montos;cubrir la suma de PESOS TREINTA MIL ($ 30.000,00) que se estiman suficientes a los fines de este juicio. Los montos embargados deberán ser depositados en la cuenta judicial: 5514426, CBU CUENTA JUDICIAL: 014048252765985144282, en el PODER JUDICIAL: 30-70721665-0, abierta en el Banco de la Provincia de Buenos Aires, Sucursal Tribunales de San Nicolás, a nombre de estos autos y orden del proveyente.- Como recaudo;1503;1517;1503;1917
56;536730;Embargo - usuario;4;deberán ser depositados;Cuenta_depositar;deberán ser depositados en la cuenta judicial: 5514426, CBU CUENTA JUDICIAL: 014048252765985144282, en el PODER JUDICIAL: 30-70721665-0, abierta en el Banco de la Provincia de Buenos Aires, Sucursal Tribunales de San Nicolás, a nombre de estos autos y orden del proveyente.- Como recaudo, transcribo a continuación la providencia que ordena la medida y autoriza el presente: “San Nicolás, 22 de enero de 2025. Proveyendo la;1630;1653;1630;2053
56;536730;Embargo - usuario;5;cuenta judicial;Cuenta_depositar;cuenta judicial: 5514426, CBU CUENTA JUDICIAL: 014048252765985144282, en el PODER JUDICIAL: 30-70721665-0, abierta en el Banco de la Provincia de Buenos Aires, Sucursal Tribunales de San Nicolás, a nombre de estos autos y orden del proveyente.- Como recaudo, transcribo a continuación la providencia que ordena la medida y autoriza el presente: “San Nicolás, 22 de enero de 2025. Proveyendo la presentación electrón;1660;1675;1660;2075
56;536730;Embargo - usuario;6;cuenta judicial;Cuenta_depositar;CUENTA JUDICIAL: 014048252765985144282, en el PODER JUDICIAL: 30-70721665-0, abierta en el Banco de la Provincia de Buenos Aires, Sucursal Tribunales de San Nicolás, a nombre de estos autos y orden del proveyente.- Como recaudo, transcribo a continuación la providencia que ordena la medida y autoriza el presente: “San Nicolás, 22 de enero de 2025. Proveyendo la presentación electrónica de fecha 11/12/2025 3:25:0;1690;1705;1690;2105
56;536730;Embargo - usuario;7;trabese embargo;Datos_Embargado;trábese embargo sobre las sumas que tenga depositada o en el futuro deposite la cubierta en la Billeteira Virtual “MERCADO PAGO S.A.” que se denuncia a nombre del demandado hasta cubrir los montos dispuestos por auto de fecha 28/02/2025 que el suscripto estima suficientes a los fines de este juicio, las que se depositarán en el Banco de la Provincia de Buenos Aires suc.local a nombre de estos autos y orden del p;2132;2147;2132;2547
56;536730;Embargo - usuario;8;a nombre del demandado;Datos_Embargado;a nombre del demandado hasta cubrir los montos dispuestos por auto de fecha 28/02/2025 que el suscripto estima suficientes a los fines de este juicio, las que se depositarán en el Banco de la Provincia de Buenos Aires suc.local a nombre de estos autos y orden del proveyente. Librense a tal fin oficio de estilo a la Entidad Financiera indicada. PRAT Hernan Victor - JUEZ (Firma por licencia comunicada del titular)”  “San;2282;2304;2282;2704
56;536730;Embargo - usuario;9;hasta cubrir;Montos;hasta cubrir los montos dispuestos por auto de fecha 28/02/2025 que el suscripto estima suficientes a los fines de este juicio, las que se depositarán en el Banco de la Provincia de Buenos Aires suc.local a nombre de estos autos y orden del proveyente. Librense a tal fin oficio de estilo a la Entidad Financiera indicada. PRAT Hernan Victor - JUEZ (Firma por licencia comunicada del titular)”  “San Nicolás, 3 d;2305;2317;2305;2717
56;536730;Embargo - usuario;10;trabese embargo;Datos_Embargado;trábese embargo sobre las sumas que tenga depositada o en el futuro deposite la ejecutada en la Billeteira Virtual “MERCADO PAGO S.A.” que se denuncia a nombre del demandado hasta cubrir las sumas de PESOS TREINTA MIL que el suscripto estima suficientes a los fines de este juicio, las que se depositarán en el Banco de la Provincia de Buenos Aires suc.local a nombre de estos autos y orden del proveyente. Librense;3312;3327;3312;3727
56;536730;Embargo - usuario;11;a nombre del demandado;Datos_Embargado;a nombre del demandado hasta cubrir las sumas de PESOS TREINTA MIL que el suscripto estima suficientes a los fines de este juicio, las que se depositarán en el Banco de la Provincia de Buenos Aires suc.local a nombre de estos autos y orden del proveyente. Librense a tal fin oficio de estilo a la Entidad Financiera indicada. ONDARCOUR Jose Ignacio JUEZ” Se deja constancia que el presente oficio fue suscripto por firma d;3463;3485;3463;3885
56;536730;Embargo - usuario;12;hasta cubrir las sumas;Montos;hasta cubrir las sumas de PESOS TREINTA MIL que el suscripto estima suficientes a los fines de este juicio, las que se depositarán en el Banco de la Provincia de Buenos Aires suc.local a nombre de estos autos y orden del proveyente. Librense a tal fin oficio de estilo a la Entidad Financiera indicada. ONDARCOUR Jose Ignacio JUEZ” Se deja constancia que el presente oficio fue suscripto por firma digital en los términos ;3486;3508;3486;3908
56;536730;Embargo - usuario;13;hasta cubrir;Montos;hasta cubrir las sumas de PESOS TREINTA MIL que el suscripto estima suficientes a los fines de este juicio, las que se depositarán en el Banco de la Provincia de Buenos Aires suc.local a nombre de estos autos y orden del proveyente. Librense a tal fin oficio de estilo a la Entidad Financiera indicada. ONDARCOUR Jose Ignacio JUEZ” Se deja constancia que el presente oficio fue suscripto por firma digital en los;3486;3498;3486;3898
57;507931;Embargo - usuario;1;decretado el embargo;Datos_Embargado;"decretado el embargo, sobre el porcentual de ley, sobre las cuentas que posea NADIA VANESA BRUSATIN (D.N.I.: 31.478.712) en vuestra entidad.

Dicha medida se hará efectiva hasta cubrir la suma del capital reclamado de $144.128,66 (PESOS CIENTO CUARENTA Y CUATRO MIL CIENTO VEINTIOCHO CON SESENTA Y SEIS CENTAVOS) con más la suma de $43.500 (PESOS CUARENTA Y TRES MIL QUINIENTOS) estimada provisoriamente para responder a";1213;1233;1213;1633
57;507931;Embargo - usuario;2;cuentas que;Datos_Embargado;"cuentas que posea NADIA VANESA BRUSATIN (D.N.I.: 31.478.712) en vuestra entidad.

Dicha medida se hará efectiva hasta cubrir la suma del capital reclamado de $144.128,66 (PESOS CIENTO CUARENTA Y CUATRO MIL CIENTO VEINTIOCHO CON SESENTA Y SEIS CENTAVOS) con más la suma de $43.500 (PESOS CUARENTA Y TRES MIL QUINIENTOS) estimada provisoriamente para responder a intereses y costas.

Asimismo, se deja constancia ";1273;1284;1273;1684
57;507931;Embargo - usuario;3;hasta cubrir la suma;Montos;"hasta cubrir la suma del capital reclamado de $144.128,66 (PESOS CIENTO CUARENTA Y CUATRO MIL CIENTO VEINTIOCHO CON SESENTA Y SEIS CENTAVOS) con más la suma de $43.500 (PESOS CUARENTA Y TRES MIL QUINIENTOS) estimada provisoriamente para responder a intereses y costas.

Asimismo, se deja constancia que las sumas embargadas deberán ser depositadas en la cuenta N° 5100-027- 8488304, CBU 0140138327510084883046 el Banco d";1385;1405;1385;1805
57;507931;Embargo - usuario;4;hasta cubrir;Montos;"hasta cubrir la suma del capital reclamado de $144.128,66 (PESOS CIENTO CUARENTA Y CUATRO MIL CIENTO VEINTIOCHO CON SESENTA Y SEIS CENTAVOS) con más la suma de $43.500 (PESOS CUARENTA Y TRES MIL QUINIENTOS) estimada provisoriamente para responder a intereses y costas.

Asimismo, se deja constancia que las sumas embargadas deberán ser depositadas en la cuenta N° 5100-027- 8488304, CBU 0140138327510084883046 el";1385;1397;1385;1797
57;507931;Embargo - usuario;5;cubrir la suma;Montos;"cubrir la suma del capital reclamado de $144.128,66 (PESOS CIENTO CUARENTA Y CUATRO MIL CIENTO VEINTIOCHO CON SESENTA Y SEIS CENTAVOS) con más la suma de $43.500 (PESOS CUARENTA Y TRES MIL QUINIENTOS) estimada provisoriamente para responder a intereses y costas.

Asimismo, se deja constancia que las sumas embargadas deberán ser depositadas en la cuenta N° 5100-027- 8488304, CBU 0140138327510084883046 el Banco d";1391;1405;1391;1805
57;507931;Embargo - usuario;6;deberán ser depositadas;Cuenta_depositar;"deberán ser depositadas en la cuenta N° 5100-027- 8488304, CBU 0140138327510084883046 el Banco de la Provincia de Buenos Aires - Sucursal San Martín- a la orden del suscripto y como pertenecientes a las presentes actuaciones.

El auto que ordena la medida dice en su parte pertinente: ""San Martin, 15 de diciembre de 2025. Atento lo pedido y hasta cubrir el importe de la suma de $144.128,66, con más la de $ 43.500.-, que ";1709;1732;1709;2132
57;507931;Embargo - usuario;7;hasta cubrir;Montos;hasta cubrir el importe de la suma de $144.128,66, con más la de $ 43.500.-, que se presupuestan para responder a intereses y costas, trábase embargo sobre los fondos de los demandados que por cualquier concepto posean en la entidad mencionada, a tal fin oficiese en la forma de estilo, en los términos de la ley 22.172 si correspondiese, dejándose constancia que las sumas retenidas deberán ser transferidas en ;2051;2063;2051;2463
57;507931;Embargo - usuario;8;sobre los fondos;Datos_Embargado;sobre los fondos de los demandados que por cualquier concepto posean en la entidad mencionada, a tal fin oficiese en la forma de estilo, en los términos de la ley 22.172 si correspondiese, dejándose constancia que las sumas retenidas deberán ser transferidas en una cuenta a nombre de autos y a la orden de este Juzgado en el Banco de la Provincia de Buenos Aires, Sucursal Tribunales de San Martín. FDO.: MAZZARELLO;2201;2217;2201;2617
57;507931;Embargo - usuario;9;deberán ser transferidas;Cuenta_depositar;"deberán ser transferidas en una cuenta a nombre de autos y a la orden de este Juzgado en el Banco de la Provincia de Buenos Aires, Sucursal Tribunales de San Martín. FDO.: MAZZARELLO Silvio Jose. JUEZ"".

Se aclara que en caso que en las cuentas bancarias sobre las que se dispone la medida cautelar se depositen sueldos ó haberes previsionales, no se podrá afectar más del 20% del porcentual de ley sobre dichas sumas (conf.";2435;2459;2435;2859
58;536724;Embargo - usuario;1;trabe embargo;Datos_Embargado;"trabe embargo sobre las cuentas que el Sr. HORACIO OSCAR MONTENEGRO, DNI 23.420.002 posea en vuestra empresa por la suma de PESOS OCHO MILLONES CIENTO SETENTA Y UN MIL DOSCIENTOS TREINTA Y SEIS CON 94/100 ($ 8.171.236,94).

Las sumas embargadas deberán ser transferidas a la orden de este Juzgado en la cuenta de autos en el Banco de la Provincia de Buenos Aires Sucursal Tribunales de Morón (5098) Cuenta 8580861";1467;1480;1467;1880
58;536724;Embargo - usuario;2;cuentas que;Datos_Embargado;"cuentas que el Sr. HORACIO OSCAR MONTENEGRO, DNI 23.420.002 posea en vuestra empresa por la suma de PESOS OCHO MILLONES CIENTO SETENTA Y UN MIL DOSCIENTOS TREINTA Y SEIS CON 94/100 ($ 8.171.236,94).

Las sumas embargadas deberán ser transferidas a la orden de este Juzgado en la cuenta de autos en el Banco de la Provincia de Buenos Aires Sucursal Tribunales de Morón (5098) Cuenta 8580861, CBU:0140030427509885";1491;1502;1491;1902
58;536724;Embargo - usuario;3;por la suma;Montos;"por la suma de PESOS OCHO MILLONES CIENTO SETENTA Y UN MIL DOSCIENTOS TREINTA Y SEIS CON 94/100 ($ 8.171.236,94).

Las sumas embargadas deberán ser transferidas a la orden de este Juzgado en la cuenta de autos en el Banco de la Provincia de Buenos Aires Sucursal Tribunales de Morón (5098) Cuenta 8580861, CBU:0140030427509885808617, CUIT Poder Judicial PBA: 30-70721665-0, debiendo informar a este Juzgado la t";1576;1587;1576;1987
58;536724;Embargo - usuario;4;deberán ser transferidas;Cuenta_depositar;"deberán ser transferidas a la orden de este Juzgado en la cuenta de autos en el Banco de la Provincia de Buenos Aires Sucursal Tribunales de Morón (5098) Cuenta 8580861, CBU:0140030427509885808617, CUIT Poder Judicial PBA: 30-70721665-0, debiendo informar a este Juzgado la traba de la medida ordenada.-

Como recaudo se transcribe la parte pertinente del auto que ordena librar el presente: “Morón, 11 de agosto de 2025... ";1712;1736;1712;2136
59;536738;Embargo - usuario;1;trabar embargo;Datos_Embargado;"trabar embargo sobre las cuentas de las que es titular en esa entidad quién más abajo se individualiza como embargado y por el monto que también se indica. - Dicha medida fue ordenada sobre los fondos presentes y futuros que tenga invertidos en cuotas partes del Fondo común de inversión Mercado Fondos administrado por Mercado Pago

Poder Judicial de la Nación
Juzgado Comercial N° 8 - Secretaría N° 15

Asset Man";696;710;696;1110
59;536738;Embargo - usuario;2;sobre los fondos;Datos_Embargado;"sobre los fondos presentes y futuros que tenga invertidos en cuotas partes del Fondo común de inversión Mercado Fondos administrado por Mercado Pago

Poder Judicial de la Nación
Juzgado Comercial N° 8 - Secretaría N° 15

Asset Management S.A , el demandado en autos LUCINDO RAMÓN CORNEJO, con DNI 12.848.992 a su nombre y fueran suceptibles de ser embargadas .-

El embargo deberá trabarse hasta cubrir las sumas de ";880;896;880;1296
59;536738;Embargo - usuario;3;hasta cubrir las sumas;Montos;"hasta cubrir las sumas de $28.690,10 en concepto de saldo de liquidación aprobada, con más la de $352.000,00 que se estima en forma provisoria para responder por intereses y costas.-

Las sumas retenidas, deberán ser depositadas en la cuenta judicial L° 619, F° 211, DV 0, con CBU 0290075900215061902112, especialmente abierta al efecto en las actuaciones citadas y a la orden del Juez interviniente, en el Banco de la Ciu";1270;1292;1270;1692
59;536738;Embargo - usuario;4;hasta cubrir;Montos;"hasta cubrir las sumas de $28.690,10 en concepto de saldo de liquidación aprobada, con más la de $352.000,00 que se estima en forma provisoria para responder por intereses y costas.-

Las sumas retenidas, deberán ser depositadas en la cuenta judicial L° 619, F° 211, DV 0, con CBU 0290075900215061902112, especialmente abierta al efecto en las actuaciones citadas y a la orden del Juez interviniente, en el Banco";1270;1282;1270;1682
59;536738;Embargo - usuario;5;deberán ser depositadas;Cuenta_depositar;"deberán ser depositadas en la cuenta judicial L° 619, F° 211, DV 0, con CBU 0290075900215061902112, especialmente abierta al efecto en las actuaciones citadas y a la orden del Juez interviniente, en el Banco de la Ciudad de Buenos Aires, Sucursal Tribunales, CUIT N° 30 -99903208-3.-

Se encuentran autorizados a diligenciar el presente : Dres. Leonardo Javier Ferreiro, Miguel Angel Moreno, Pedro Cruz Santos Fontanet; Fed";1475;1498;1475;1898
59;536738;Embargo - usuario;6;cuenta judicial;Cuenta_depositar;"cuenta judicial L° 619, F° 211, DV 0, con CBU 0290075900215061902112, especialmente abierta al efecto en las actuaciones citadas y a la orden del Juez interviniente, en el Banco de la Ciudad de Buenos Aires, Sucursal Tribunales, CUIT N° 30 -99903208-3.-

Se encuentran autorizados a diligenciar el presente : Dres. Leonardo Javier Ferreiro, Miguel Angel Moreno, Pedro Cruz Santos Fontanet; Federico G. Garcia Cabell";1505;1520;1505;1920
59;536738;Embargo - usuario;7;cuenta judicial;Cuenta_depositar;"cuenta judicial F° 619 L° 211 DV 0, con CBU 02900759 -00215061902112, en el Banco de la Ciudad de Buenos Aires, Sucursal Tribunales. Al efecto, hágase saber que deberá cargar en el sistema Lex100 el oficio aquí ordenado para su confronte y posterior libramiento digital. Fecho, procédase a su diligenciamiento por la vía que estime corresponder.
FDO: JAVIER J. COSENTINO- JUEZ"".-

El presente oficio deberá ser cont";3070;3085;3070;3485
60;516901;Embargo - usuario;1;trabar embargo;Datos_Embargado;"trabar embargo** sobre las cuentas de las que es titular en esa entidad quién más abajo se individualiza como embargado y por el monto que también se indica.

Dicha medida fue ordenada sobre los fondos presentes y futuros que el demandado en autos, DANIEL EZEQUIEL ROMERO, con DNI 29.225.672, tenga invertidos en cuotas partes del Fondo Común de Inversión Mercado Fondos administrado por Mercado Pago Asset Managem";497;511;497;911
60;516901;Embargo - usuario;2;sobre los fondos;Datos_Embargado;"sobre los fondos presentes y futuros que el demandado en autos, DANIEL EZEQUIEL ROMERO, con DNI 29.225.672, tenga invertidos en cuotas partes del Fondo Común de Inversión Mercado Fondos administrado por Mercado Pago Asset Management S.A., y fueran susceptibles de ser embargadas.

El embargo deberá trabarse hasta cubrir las sumas de $ 61.304,64 (pesos sesenta y un mil trescientos cuatro con sesenta y cuatro

centa";682;698;682;1098
60;516901;Embargo - usuario;3;hasta cubrir las sumas;Montos;"hasta cubrir las sumas de $ 61.304,64 (pesos sesenta y un mil trescientos cuatro con sesenta y cuatro

centavos) en concepto de saldo de honorarios, con más la suma de $ 200.000 (pesos doscientos mil) que se presupuesta para responder a eventuales variaciones del UMA, intereses y costas.

Las sumas retenidas, deberán ser depositadas en la cuenta judicial L° 712, F° 101, DV 8, con CBU 0290075900249071201019, especialmen";990;1012;990;1412
60;516901;Embargo - usuario;4;hasta cubrir;Montos;"hasta cubrir las sumas de $ 61.304,64 (pesos sesenta y un mil trescientos cuatro con sesenta y cuatro

centavos) en concepto de saldo de honorarios, con más la suma de $ 200.000 (pesos doscientos mil) que se presupuesta para responder a eventuales variaciones del UMA, intereses y costas.

Las sumas retenidas, deberán ser depositadas en la cuenta judicial L° 712, F° 101, DV 8, con CBU 0290075900249071201019, e";990;1002;990;1402
60;516901;Embargo - usuario;5;deberán ser depositadas;Cuenta_depositar;"deberán ser depositadas en la cuenta judicial L° 712, F° 101, DV 8, con CBU 0290075900249071201019, especialmente abierta al efecto en las actuaciones citadas y a la orden de este Juzgado y Secretaría en el Banco de la Ciudad de Buenos Aires, Sucursal Tribunales, CUIT 30-99903208-3.

El auto que ordena el presente dice: ""Buenos Aires, 15 de diciembre de 2023. 1. Agréguese el saldo bancario. 2. En atención a lo solicitad";1301;1324;1301;1724
60;516901;Embargo - usuario;6;cuenta judicial;Cuenta_depositar;"cuenta judicial L° 712, F° 101, DV 8, con CBU 0290075900249071201019, especialmente abierta al efecto en las actuaciones citadas y a la orden de este Juzgado y Secretaría en el Banco de la Ciudad de Buenos Aires, Sucursal Tribunales, CUIT 30-99903208-3.

El auto que ordena el presente dice: ""Buenos Aires, 15 de diciembre de 2023. 1. Agréguese el saldo bancario. 2. En atención a lo solicitado y el estado de autos";1331;1346;1331;1746
60;516901;Embargo - usuario;7;hasta cubrir la suma;Montos;hasta cubrir la suma de $ 61.304,64 (pesos sesenta y un mil trescientos cuatro con sesenta y cuatro centavos) por el equivalente a la fecha en concepto de saldo de honorarios del letrado peticionario (0,76 UMA, v. fs. 297 y 321 punto 3), con más la suma de $ 200.000 (pesos doscientos mil) que se presupuesta para responder a eventuales variaciones del UMA, intereses y costas, trábese el embargo solicitado sobre los fo;1748;1768;1748;2168
60;516901;Embargo - usuario;8;hasta cubrir;Montos;hasta cubrir la suma de $ 61.304,64 (pesos sesenta y un mil trescientos cuatro con sesenta y cuatro centavos) por el equivalente a la fecha en concepto de saldo de honorarios del letrado peticionario (0,76 UMA, v. fs. 297 y 321 punto 3), con más la suma de $ 200.000 (pesos doscientos mil) que se presupuesta para responder a eventuales variaciones del UMA, intereses y costas, trábese el embargo solicitado sobr;1748;1760;1748;2160
60;516901;Embargo - usuario;9;cubrir la suma;Montos;cubrir la suma de $ 61.304,64 (pesos sesenta y un mil trescientos cuatro con sesenta y cuatro centavos) por el equivalente a la fecha en concepto de saldo de honorarios del letrado peticionario (0,76 UMA, v. fs. 297 y 321 punto 3), con más la suma de $ 200.000 (pesos doscientos mil) que se presupuesta para responder a eventuales variaciones del UMA, intereses y costas, trábese el embargo solicitado sobre los fo;1754;1768;1754;2168
60;516901;Embargo - usuario;10;sobre los fondos;Datos_Embargado;sobre los fondos disponibles y futuros que el demandado, Daniel Ezequiel Romero. DNI 29.225.672, tenga en el Fondo Común de Inversión Mercado Fondos administrado por Mercado Pago Asset Management S.A., a cuyo fin librese oficio. Póngase en conocimiento de la oficiada que las sumas deberán ser depositadas en la cuenta de autos, abierta en el Banco de la Ciudad de Buenos Aires (2 - 023 - 045 - 712 - 101 - 8). Hágas;2156;2172;2156;2572
60;516901;Embargo - usuario;11;deberán ser depositadas;Cuenta_depositar;deberán ser depositadas en la cuenta de autos, abierta en el Banco de la Ciudad de Buenos Aires (2 - 023 - 045 - 712 - 101 - 8). Hágase saber al letrado peticionario que deberá incorporar en el registro informático de autos el proyecto del caso para su confronte y firma electrónica. Asimismo, una vez suscripta electrónicamente dicha pieza, quedará a cargo del interesado su diligenciamiento, autorizándoselo -alternativam;2438;2461;2438;2861
61;547366;Embargo - usuario;1;trabar embargo;Datos_Embargado;"TRABAR EMBARGO
VALOR PECUNIARIO: PESOS DOSCIENTOS TREINTA MIL ($230.000).
MERCADO PAGO ASSET MANAGEMENT S.A. CUIT 33-71862856-9
Av. Caseros 3039, Piso 2, Cuidad Autónoma de Buenos Aires
S........../........D

Se hace saber a Ud. que en los autos caratulados: “GESTIÓN Y ADMINISTRACIÓN DE INVERSIONES S.A.S. C/ PAEZ, CARLA STEFANIA – EXPED.ELECTRONICO - EJEC.POR COBRO DE LETRAS O PAGARES -EXPTE. 9072842”, que tram";803;817;803;1217
61;547366;Embargo - usuario;2;trabar embargo;Datos_Embargado;"TRABAR EMBARGO por el monto solicitado sobre los saldos invertidos en cuotapartes del Fondo Común de Inversión Mercado Fondo -administrado por Mercado Pago Asset Management SASGFCI- a cuyo fin, ofíciense.-, cuya titularidad detente la demandada Sra. PAEZ, CARLA STEFANIA, D.N.I: 33.414.252 hasta cubrir la suma de PESOS DOSCIENTOS TREINTA MIL ($230.000).
Acto seguido, haciendo saber que actúa por orden de este tr";1448;1462;1448;1862
61;547366;Embargo - usuario;3;hasta cubrir la suma;Montos;"hasta cubrir la suma de PESOS DOSCIENTOS TREINTA MIL ($230.000).
Acto seguido, haciendo saber que actúa por orden de este tribunal, deberá proceder a depositar los fondos embargados a la orden de este juzgado y para estos autos en el Banco de Córdoba, Sucursal Tribunales en la CUENTA JUDICIAL:
Nº Cuenta922 / 8429900 - Pesos
Expediente de la cuenta: GESTION Y ADMINISTRACION DE INVERSIONES S.A.S. C/ PAEZ, CARLA STEFANI";1738;1758;1738;2158
61;547366;Embargo - usuario;4;hasta cubrir;Montos;"hasta cubrir la suma de PESOS DOSCIENTOS TREINTA MIL ($230.000).
Acto seguido, haciendo saber que actúa por orden de este tribunal, deberá proceder a depositar los fondos embargados a la orden de este juzgado y para estos autos en el Banco de Córdoba, Sucursal Tribunales en la CUENTA JUDICIAL:
Nº Cuenta922 / 8429900 - Pesos
Expediente de la cuenta: GESTION Y ADMINISTRACION DE INVERSIONES S.A.S. C/ PAEZ, CARLA";1738;1750;1738;2150
61;547366;Embargo - usuario;5;cubrir la suma;Montos;"cubrir la suma de PESOS DOSCIENTOS TREINTA MIL ($230.000).
Acto seguido, haciendo saber que actúa por orden de este tribunal, deberá proceder a depositar los fondos embargados a la orden de este juzgado y para estos autos en el Banco de Córdoba, Sucursal Tribunales en la CUENTA JUDICIAL:
Nº Cuenta922 / 8429900 - Pesos
Expediente de la cuenta: GESTION Y ADMINISTRACION DE INVERSIONES S.A.S. C/ PAEZ, CARLA STEFANI";1744;1758;1744;2158
61;547366;Embargo - usuario;6;depositar los fondos embargados;Cuenta_depositar;"depositar los fondos embargados a la orden de este juzgado y para estos autos en el Banco de Córdoba, Sucursal Tribunales en la CUENTA JUDICIAL:
Nº Cuenta922 / 8429900 - Pesos
Expediente de la cuenta: GESTION Y ADMINISTRACION DE INVERSIONES S.A.S. C/ PAEZ, CARLA STEFANIA
Dependencia de la cuenta: TGA CP. UNIDAD DE EJECUCION JUEZ 14 (ex SEC GEST COMUN CP)
CBU: 0200922751000008429906

Queda facultado al diligenciamiento de la pre";1888;1919;1888;2319
61;547366;Embargo - usuario;7;cuenta judicial;Cuenta_depositar;"CUENTA JUDICIAL:
Nº Cuenta922 / 8429900 - Pesos
Expediente de la cuenta: GESTION Y ADMINISTRACION DE INVERSIONES S.A.S. C/ PAEZ, CARLA STEFANIA
Dependencia de la cuenta: TGA CP. UNIDAD DE EJECUCION JUEZ 14 (ex SEC GEST COMUN CP)
CBU: 0200922751000008429906

Queda facultado al diligenciamiento de la presente con las facultades de ley y en forma indistinta el Ab. Juan José Gallardo, Mat. Tomo 69 Folio 32 C.P.A.F.,";2016;2031;2016;2431
62;523996;Embargo - usuario;1;sobre los fondos;Datos_Embargado;"sobre los fondos presentes y futuros que tenga invertidos en cuotas partes del Fondo común de inversión Mercado Fondos administrado por Mercado Pago Asset Management S.A, el demandado en autos PUJADAS RUBEN ALBERTO, con DNI

5.612.521 a su nombre y fueran susceptibles de ser embargadas. - El embargo deberá trabarse hasta cubrir las sumas de $9.094,68 en concepto de honorarios regulados con más la suma de $5.000,0";1078;1094;1078;1494
62;523996;Embargo - usuario;2;hasta cubrir las sumas;Montos;"hasta cubrir las sumas de $9.094,68 en concepto de honorarios regulados con más la suma de $5.000,00 en concepto de accesorias.-

Las sumas retenidas, deberán ser depositadas en la cuenta judicial L° 0734 F° 0501 Dv 4 con CBU 02900759-00203073405015, especialmente abierta al efecto en las actuaciones citadas y a la orden del Juez interviniente, en el Banco de la Ciudad de Buenos Aires, Sucursal Tribunales, CUIT N°30-99";1395;1417;1395;1817
62;523996;Embargo - usuario;3;hasta cubrir;Montos;"hasta cubrir las sumas de $9.094,68 en concepto de honorarios regulados con más la suma de $5.000,00 en concepto de accesorias.-

Las sumas retenidas, deberán ser depositadas en la cuenta judicial L° 0734 F° 0501 Dv 4 con CBU 02900759-00203073405015, especialmente abierta al efecto en las actuaciones citadas y a la orden del Juez interviniente, en el Banco de la Ciudad de Buenos Aires, Sucursal Tribunales, CU";1395;1407;1395;1807
62;523996;Embargo - usuario;4;deberán ser depositadas;Cuenta_depositar;"deberán ser depositadas en la cuenta judicial L° 0734 F° 0501 Dv 4 con CBU 02900759-00203073405015, especialmente abierta al efecto en las actuaciones citadas y a la orden del Juez interviniente, en el Banco de la Ciudad de Buenos Aires, Sucursal Tribunales, CUIT N°30-99903208-3.-

Se encuentran autorizados a diligenciar el presente: Dres. Leonardo Javier Ferreiro, Miguel Angel Moreno, Pedro Cruz Santos Fontanet; Federi";1546;1569;1546;1969
62;523996;Embargo - usuario;5;cuenta judicial;Cuenta_depositar;"cuenta judicial L° 0734 F° 0501 Dv 4 con CBU 02900759-00203073405015, especialmente abierta al efecto en las actuaciones citadas y a la orden del Juez interviniente, en el Banco de la Ciudad de Buenos Aires, Sucursal Tribunales, CUIT N°30-99903208-3.-

Se encuentran autorizados a diligenciar el presente: Dres. Leonardo Javier Ferreiro, Miguel Angel Moreno, Pedro Cruz Santos Fontanet; Federico G. Garcia Cabello, ";1576;1591;1576;1991
62;523996;Embargo - usuario;6;hasta cubrir las sumas;Montos;"hasta cubrir las sumas de $ 9.094,68 en concepto de honorarios regulados con más la suma de $ 5.000,00 en concepto de accesorias. haciéndosele saber a la oficiada que deberá dar cumplimiento a la medida ordenada y/o en su caso informar cuáles son las circunstancias por las cuales no puede darse cumplimiento a la

Poder Judicial de la Nación
JUZGADO COMERCIAL 2

mismas, bajo apercibimiento de imponerse una multa diaria ";2685;2707;2685;3107
62;523996;Embargo - usuario;7;hasta cubrir;Montos;"hasta cubrir las sumas de $ 9.094,68 en concepto de honorarios regulados con más la suma de $ 5.000,00 en concepto de accesorias. haciéndosele saber a la oficiada que deberá dar cumplimiento a la medida ordenada y/o en su caso informar cuáles son las circunstancias por las cuales no puede darse cumplimiento a la

Poder Judicial de la Nación
JUZGADO COMERCIAL 2

mismas, bajo apercibimiento de imponerse una mul";2685;2697;2685;3097
62;523996;Embargo - usuario;8;deberán ser depositados;Cuenta_depositar;"deberán ser depositados a la orden del Suscripto y como perteneciente a estos autos, en el Banco Ciudad de Buenos Aires, Sucursal Tribunales, CBU: 02900759-00203073405015 (L° 734-F° 501 D.V. 4) A tal fin, librese oficio digital. En lo que atañe a la instrumentación de la medida, estese al procedimiento indicado en autos. Fdo Dr FERNANDO MARTIN PENNACCA JUEZ"".-

El presente oficio deberá ser contestado en el expediente d";3197;3220;3197;3620
63;523977;Embargo - usuario;1;sobre los fondos;Datos_Embargado;"sobre los fondos presentes y futuros que tenga invertidos en cuotas partes del Fondo común de inversión Mercado Fondos administrado por Mercado Pago Asset Management S.A., el demandado en autos EDUARDO JAVIER FERNANDEZ, con DNI 21.594.165 a su nombre y fueran susceptibles de ser embargadas.

El embargo deberá tratarse hasta cubrir las sumas de $ 10.341.355,20 en concepto de saldo no embargado por liquidación apro";904;920;904;1320
63;523977;Embargo - usuario;2;hasta cubrir las sumas;Montos;"hasta cubrir las sumas de $ 10.341.355,20 en concepto de saldo no embargado por liquidación aprobada, con más la de $ 1.160.000,00 que se presupuestan para responder a intereses y costas.

Las sumas retenidas, deberán ser depositadas en la cuenta judicial L°367, F°228, DV°3, con CBU 0290075900220036702286. especialmente abierta al efecto en las actuaciones citadas y a la orden del Juez interviniente, en el Banco de la ";1224;1246;1224;1646
63;523977;Embargo - usuario;3;hasta cubrir;Montos;"hasta cubrir las sumas de $ 10.341.355,20 en concepto de saldo no embargado por liquidación aprobada, con más la de $ 1.160.000,00 que se presupuestan para responder a intereses y costas.

Las sumas retenidas, deberán ser depositadas en la cuenta judicial L°367, F°228, DV°3, con CBU 0290075900220036702286. especialmente abierta al efecto en las actuaciones citadas y a la orden del Juez interviniente, en el Ba";1224;1236;1224;1636
63;523977;Embargo - usuario;4;deberán ser depositadas;Cuenta_depositar;"deberán ser depositadas en la cuenta judicial L°367, F°228, DV°3, con CBU 0290075900220036702286. especialmente abierta al efecto en las actuaciones citadas y a la orden del Juez interviniente, en el Banco de la Ciudad de Buenos Aires. Sucursal Tribunales, CUIT Nº 30-99903208-3.

Los autos que ordenan el presente en su parte pertinente dicen:
""Buenos Aires, 26 de septiembre de 2025...Hasta cubrir la suma de U$S 7.083,12";1434;1457;1434;1857
63;523977;Embargo - usuario;5;cuenta judicial;Cuenta_depositar;"cuenta judicial L°367, F°228, DV°3, con CBU 0290075900220036702286. especialmente abierta al efecto en las actuaciones citadas y a la orden del Juez interviniente, en el Banco de la Ciudad de Buenos Aires. Sucursal Tribunales, CUIT Nº 30-99903208-3.

Los autos que ordenan el presente en su parte pertinente dicen:
""Buenos Aires, 26 de septiembre de 2025...Hasta cubrir la suma de U$S 7.083,12 en concepto de saldo ";1464;1479;1464;1879
63;523977;Embargo - usuario;6;hasta cubrir la suma;Montos;Hasta cubrir la suma de U$S 7.083,12 en concepto de saldo no embargado liquidación aprobada (v. Detalle de fd. 243:3), con más la de U$S 1.000,00 que se presupuestan para responder a intereses y costas, sobre lo fondos que el ejecutado tenga invertidos en cuota partes del Fondo común de inversión Mercado Fondos administrado por Mercado Pago Asset Management S.A. Desde que la moneda en que se dictó la sentencia de aut;1821;1841;1821;2241
63;523977;Embargo - usuario;7;hasta cubrir;Montos;Hasta cubrir la suma de U$S 7.083,12 en concepto de saldo no embargado liquidación aprobada (v. Detalle de fd. 243:3), con más la de U$S 1.000,00 que se presupuestan para responder a intereses y costas, sobre lo fondos que el ejecutado tenga invertidos en cuota partes del Fondo común de inversión Mercado Fondos administrado por Mercado Pago Asset Management S.A. Desde que la moneda en que se dictó la sentenci;1821;1833;1821;2233
63;523977;Embargo - usuario;8;cubrir la suma;Montos;cubrir la suma de U$S 7.083,12 en concepto de saldo no embargado liquidación aprobada (v. Detalle de fd. 243:3), con más la de U$S 1.000,00 que se presupuestan para responder a intereses y costas, sobre lo fondos que el ejecutado tenga invertidos en cuota partes del Fondo común de inversión Mercado Fondos administrado por Mercado Pago Asset Management S.A. Desde que la moneda en que se dictó la sentencia de aut;1827;1841;1827;2241
63;523977;Embargo - usuario;9;deberán ser depositadas;Cuenta_depositar;deberán ser depositadas en la cuenta L°367 F°228 DV°3, abierta en el Banco de la Ciudad de Buenos Aires-Sucursal Tribunales-, a nombre de estas actuaciones y a la orden de la suscripta. El oficio aquí ordenado, deberá ser presentado -sin escrito que los adjunte- por el ejecutante en formato digital a los fines de su confronte y posterior suscripción electrónica, para que luego -el ejecutante- pueda diligenciarlo mediant;2550;2573;2550;2973
63;523977;Embargo - usuario;10;hasta cubrir la suma;Montos;"hasta cubrir la suma de $ 10.341.355,20 en concepto de saldo no embargado por liquidación aprobada, con más la de $ 1.160.000,00 que se presupuestan para responder a intereses y costas. Para su libramiento, procédase conforme lo ordenado en fd. 245. Fdo: Dra Valeria Pérez Casado.

El presente oficio deberá ser contestado en el expediente dentro del plazo de diez días de recibido.

Saludo a usted Atentamente.

24 FEB ";3436;3456;3436;3856
63;523977;Embargo - usuario;11;hasta cubrir;Montos;"hasta cubrir la suma de $ 10.341.355,20 en concepto de saldo no embargado por liquidación aprobada, con más la de $ 1.160.000,00 que se presupuestan para responder a intereses y costas. Para su libramiento, procédase conforme lo ordenado en fd. 245. Fdo: Dra Valeria Pérez Casado.

El presente oficio deberá ser contestado en el expediente dentro del plazo de diez días de recibido.

Saludo a usted Atentamente.
";3436;3448;3436;3848
63;523977;Embargo - usuario;12;cubrir la suma;Montos;"cubrir la suma de $ 10.341.355,20 en concepto de saldo no embargado por liquidación aprobada, con más la de $ 1.160.000,00 que se presupuestan para responder a intereses y costas. Para su libramiento, procédase conforme lo ordenado en fd. 245. Fdo: Dra Valeria Pérez Casado.

El presente oficio deberá ser contestado en el expediente dentro del plazo de diez días de recibido.

Saludo a usted Atentamente.

24 FEB ";3442;3456;3442;3856
64;543631;Embargo - usuario;1;sobre los fondos;Datos_Embargado;sobre los fondos de las cuentas de Mercadolibre / Mercado Pago que posea el demandado Sr. GONZALEZ LEDESMA MAURICIO - DNI 35.646.104, hasta cubrir la suma de $449.153,10 en concepto de saldo de la liquidación aprobada en fecha 29/2/2024, con mas la de $179.000, que se presuponen para responder a intereses, costos y costas.. Se le hace saber que los fondos embargados deberán ser depositados en una cuenta a nombre ;1467;1483;1467;1883
64;543631;Embargo - usuario;2;hasta cubrir la suma;Montos;hasta cubrir la suma de $449.153,10 en concepto de saldo de la liquidación aprobada en fecha 29/2/2024, con mas la de $179.000, que se presuponen para responder a intereses, costos y costas.. Se le hace saber que los fondos embargados deberán ser depositados en una cuenta a nombre de autos y a la orden de este Juzgado, en el Banco de la Provincia de Buenos Aires, Delegación Tribunales de Morón, en la cuenta número 50;1601;1621;1601;2021
64;543631;Embargo - usuario;3;hasta cubrir;Montos;hasta cubrir la suma de $449.153,10 en concepto de saldo de la liquidación aprobada en fecha 29/2/2024, con mas la de $179.000, que se presuponen para responder a intereses, costos y costas.. Se le hace saber que los fondos embargados deberán ser depositados en una cuenta a nombre de autos y a la orden de este Juzgado, en el Banco de la Provincia de Buenos Aires, Delegación Tribunales de Morón, en la cuenta n;1601;1613;1601;2013
64;543631;Embargo - usuario;4;cubrir la suma;Montos;cubrir la suma de $449.153,10 en concepto de saldo de la liquidación aprobada en fecha 29/2/2024, con mas la de $179.000, que se presuponen para responder a intereses, costos y costas.. Se le hace saber que los fondos embargados deberán ser depositados en una cuenta a nombre de autos y a la orden de este Juzgado, en el Banco de la Provincia de Buenos Aires, Delegación Tribunales de Morón, en la cuenta número 50;1607;1621;1607;2021
64;543631;Embargo - usuario;5;deberán ser depositados;Cuenta_depositar;"deberán ser depositados en una cuenta a nombre de autos y a la orden de este Juzgado, en el Banco de la Provincia de Buenos Aires, Delegación Tribunales de Morón, en la cuenta número 5098-027-05739833/3 (Prop.: 281468) - CBU 0140030427509857398337.
El auto que ordena la presente medida dice: ""Morón, 30 de agosto de 2024.- Consecuentemente y atento a lo expuesto en el escrito a despacho, por el importe de la suma de $449";1836;1859;1836;2259
64;543631;Embargo - usuario;6;sobre los fondos;Datos_Embargado;"sobre los fondos que reciba ""MERCADO LIBRE SRL/ MERCADO PAGO"" (cuít 30-70308853-4), respecto de aquellos pagos que se efectúen a favor del cojuegulado Mauricio Gonzalez Ledesma (D.N.I. N° 35.646.104); dichas sumas deberán ser retenidas y depositadas en la cuenta abierta en autos en el Banco de la Provincia de Buenos Aires, Sucursal Tribunales del Depto. Judicial de Morón (5098-5739833 CBU n° 014003042750985739833";2443;2459;2443;2859
65;523990;Embargo - usuario;1;sobre los fondos;Datos_Embargado;"sobre los fondos presentes y futuros que tenga invertidos en cuotas partes del Fondo común de inversión Mercado Fondos administrado por Mercado Pago Asset Management S.A , el demandado en autos ALEJANDRO RODRIGO ALBORNOZ, con DNI 20.583.561 a su nombre y fueran suceptibles de ser embargadas.

El embargo deberá tratarse hasta cubrir las sumas de $ 19.901,01 en concepto de saldo no embargado de la liquidación aprob";899;915;899;1315
65;523990;Embargo - usuario;2;hasta cubrir las sumas;Montos;"hasta cubrir las sumas de $ 19.901,01 en concepto de saldo no embargado de la liquidación aprobada, con más la suma de $ 32.000,00 estimada provisoriamente para responder a intereses y costas.

Las sumas retenidas, deberán ser depositadas en la cuenta judicial Libro 805, Folio 255, Dvº 6, con CBU 0290075900220080502559, especialmente abierta al efecto en las actuaciones citadas y a la orden del Juez interviniente, en e";1220;1242;1220;1642
65;523990;Embargo - usuario;3;hasta cubrir;Montos;"hasta cubrir las sumas de $ 19.901,01 en concepto de saldo no embargado de la liquidación aprobada, con más la suma de $ 32.000,00 estimada provisoriamente para responder a intereses y costas.

Las sumas retenidas, deberán ser depositadas en la cuenta judicial Libro 805, Folio 255, Dvº 6, con CBU 0290075900220080502559, especialmente abierta al efecto en las actuaciones citadas y a la orden del Juez intervini";1220;1232;1220;1632
65;523990;Embargo - usuario;4;deberán ser depositadas;Cuenta_depositar;"deberán ser depositadas en la cuenta judicial Libro 805, Folio 255, Dvº 6, con CBU 0290075900220080502559, especialmente abierta al efecto en las actuaciones citadas y a la orden del Juez interviniente, en el Banco de la Ciudad de Buenos Aires, Sucursal Tribunales, CUIT Nº 30-99903208-3.

El auto que ordena el presente dice: ""Buenos Aires, 5 de noviembre de 2025. En atención a lo solicitado en el escrito en despacho y l";1435;1458;1435;1858
65;523990;Embargo - usuario;5;cuenta judicial;Cuenta_depositar;"cuenta judicial Libro 805, Folio 255, Dvº 6, con CBU 0290075900220080502559, especialmente abierta al efecto en las actuaciones citadas y a la orden del Juez interviniente, en el Banco de la Ciudad de Buenos Aires, Sucursal Tribunales, CUIT Nº 30-99903208-3.

El auto que ordena el presente dice: ""Buenos Aires, 5 de noviembre de 2025. En atención a lo solicitado en el escrito en despacho y lo que surge de la cont";1465;1480;1465;1880
65;523990;Embargo - usuario;6;hasta cubrir la suma;Montos;hasta cubrir la suma de $ 19.901,01 en concepto de saldo no embargado de la liquidación aprobada, con más la suma de $ 32.000 ,00 estimada provisoriamente para responder a intereses y costas (ver fd.436/7) trábase el embargo pedido sobre las cuota partes del Fondo Común de Inversión Mercado Fondo, administrado por Mercado Pago Asset Management S.A. que tuviera el aquí ejecutado Alejandro Rodrigo Albornoz, DNI 20.583.;1944;1964;1944;2364
65;523990;Embargo - usuario;7;hasta cubrir;Montos;hasta cubrir la suma de $ 19.901,01 en concepto de saldo no embargado de la liquidación aprobada, con más la suma de $ 32.000 ,00 estimada provisoriamente para responder a intereses y costas (ver fd.436/7) trábase el embargo pedido sobre las cuota partes del Fondo Común de Inversión Mercado Fondo, administrado por Mercado Pago Asset Management S.A. que tuviera el aquí ejecutado Alejandro Rodrigo Albornoz, DNI;1944;1956;1944;2356
65;523990;Embargo - usuario;8;cubrir la suma;Montos;cubrir la suma de $ 19.901,01 en concepto de saldo no embargado de la liquidación aprobada, con más la suma de $ 32.000 ,00 estimada provisoriamente para responder a intereses y costas (ver fd.436/7) trábase el embargo pedido sobre las cuota partes del Fondo Común de Inversión Mercado Fondo, administrado por Mercado Pago Asset Management S.A. que tuviera el aquí ejecutado Alejandro Rodrigo Albornoz, DNI 20.583.;1950;1964;1950;2364
65;523990;Embargo - usuario;9;deberán ser depositadas;Cuenta_depositar;deberán ser depositadas en la cuenta L°805 F°255 DV°6, abierta en el Banco de la Ciudad de Buenos Aires - Sucursal Tribunales-, a nombre de estas actuaciones y a la orden de la suscripta. Se hará saber en el oficio que en el caso de incumplimiento de la medida ordenada los antecedentes serán remitidos a la Justicia Penal en razón de la desobediencia al mandato jurisdiccional -sin necesidad de previa intimación-. Del mis;2434;2457;2434;2857
66;513487;Embargo - usuario;1;por la suma;Montos;por la suma de PESOS OCHENTA Y TRES MIL TRESCIENTOS TREINTA Y UNO CON OCHENTA Y CUATRO CENTAVOS ($83.331,84) con más la de PESOS CUARENTA Y UN MIL SEISCIENTOS SESENTA Y CINCO CON NOVENTA Y DOS CENTAVOS ($41.665,92), que se presupuestan para responder a intereses y costas, sobre todo tipo de cuentas y/o fondos sean ellos en pesos o en dólares estadounidenses, y sobre cualquier otro tipo de depósito que en el ;1382;1393;1382;1793
66;513487;Embargo - usuario;2;deberán ser depositadas;Cuenta_depositar;"deberán ser depositadas en una cuenta a nombre de autos identificada como CUENTA JUDICIAL EN PESOS N°865.566/6 CBU 0140136927509896556660 y cuyo N° de CUIT es 30-70721665-0, a la orden del Juzgado, en el Bco. de la Provincia de Buenos Aires, sucursal Tribunales de San Isidro.

Los autos que ordenan el presente dicen: “San Isidro, 03 de octubre de 2025... hasta cubrir el importe de la suma de PESOS OCHENTA Y TRES MIL TRE";1959;1982;1959;2382
66;513487;Embargo - usuario;3;cuenta judicial;Cuenta_depositar;"CUENTA JUDICIAL EN PESOS N°865.566/6 CBU 0140136927509896556660 y cuyo N° de CUIT es 30-70721665-0, a la orden del Juzgado, en el Bco. de la Provincia de Buenos Aires, sucursal Tribunales de San Isidro.

Los autos que ordenan el presente dicen: “San Isidro, 03 de octubre de 2025... hasta cubrir el importe de la suma de PESOS OCHENTA Y TRES MIL TRESCIENTOS TREINTA Y UNO CON OCHENTA Y CUATRO CENTAVOS ($83.331,84) ";2033;2048;2033;2448
66;513487;Embargo - usuario;4;hasta cubrir;Montos;hasta cubrir el importe de la suma de PESOS OCHENTA Y TRES MIL TRESCIENTOS TREINTA Y UNO CON OCHENTA Y CUATRO CENTAVOS ($83.331,84) , con más la de PESOS CUARENTA Y UN MIL SEISCIENTOS SESENTA Y CINCO CON NOVENTA Y DOS CENTAVOS ($41.665,92), que se presupuestan para responder a intereses y costas, trábase embargo sobre los fondos que posea AGUSTIN MARIANO PEROSIO (DNI 16.893.287 / CUIL 20-16893287-2) en su cue;2316;2328;2316;2728
66;513487;Embargo - usuario;5;sobre los fondos;Datos_Embargado;"sobre los fondos que posea AGUSTIN MARIANO PEROSIO (DNI 16.893.287 / CUIL 20-16893287-2) en su cuenta de MERCADO LIBRE SRL, a tal fin oficíese en la forma de estilo, dejándose constancia que las sumas retenidas deberán ser depositadas en la cuenta abierta a nombre de autos.- Juana Grillo, JUEZ”. “San Isidro, 26 de diciembre de 2025. A los fines indicados, librese oficio a Mercado Libre SRL.- Fdo. Juez”

Sin otro ";2630;2646;2630;3046
66;513487;Embargo - usuario;6;deberán ser depositadas;Cuenta_depositar;"deberán ser depositadas en la cuenta abierta a nombre de autos.- Juana Grillo, JUEZ”. “San Isidro, 26 de diciembre de 2025. A los fines indicados, librese oficio a Mercado Libre SRL.- Fdo. Juez”

Sin otro particular, saludo a Uds. respetuosamente.

Para verificar la notificación, y las copias de traslado si las hubiere, ingrese a: https:notificaciones.scba.gov.ar/verificar.aspx
Su código de verificación es: T25W0DD3

TE";2841;2864;2841;3264
67;547376;Embargo - usuario;1;cuentas de titularidad;Datos_Embargado;cuentas de titularidad del Sr. Favio Duarte Montania (CUIT 20-94958329-6).- (Se acompaña contestación de fs 34 y solicitud de Oficio Reiteratorio con astreintes de fs 80/21) Datos de la cuenta bancaria: Juzgado Nacional en lo Comercial N° 3 Secretaria N° 5 Libro 906 Folio 119 DV. 8 Actor: HACIENDAS LAS LOMITAS SA Demandado: DUARTE MONTANIA FAVIO Causa: EJEC EXP 22926/25 Expediente: COM-000022926-2025-0000 Moneda: Pesos;726;748;726;1148
67;547376;Embargo - usuario;2;transferencia de las sumas;Cuenta_depositar;"transferencia de las sumas que ya ha retenido -$15.000.000 informadas a fs. 34 -, pese a haberse notificado los datos de la cuenta judicial de autos en fecha 26/02/2026 (Fs. 70), vengo a solicitar que se la intime BAJO APERCIBIMIENTOS DE ASTREINTES A TRANSFERIR las sumas aludidas a la cuenta judicial EN EL PLAZO improrrogable DE 48 HS.

La medida resulta necesaria en tanto la empresa, al contestar a fs. 73, manifiesta no h";4653;4679;4653;5079
67;547376;Embargo - usuario;3;cuenta judicial;Cuenta_depositar;"cuenta judicial de autos en fecha 26/02/2026 (Fs. 70), vengo a solicitar que se la intime BAJO APERCIBIMIENTOS DE ASTREINTES A TRANSFERIR las sumas aludidas a la cuenta judicial EN EL PLAZO improrrogable DE 48 HS.

La medida resulta necesaria en tanto la empresa, al contestar a fs. 73, manifiesta no haber podido identificar al usuario de interés y solicita CUIT, correo electrónico o email de registración y CVU d";4777;4792;4777;5192
67;547376;Embargo - usuario;4;cuenta judicial;Cuenta_depositar;"cuenta judicial EN EL PLAZO improrrogable DE 48 HS.

La medida resulta necesaria en tanto la empresa, al contestar a fs. 73, manifiesta no haber podido identificar al usuario de interés y solicita CUIT, correo electrónico o email de registración y CVU de Mercado Pago.

Tal afirmación es objetivamente incorrecta y abusiva en atención a que en el mismo oficio mediante el cual se notificó la cuenta de autos se cons";4939;4954;4939;5354
67;547376;Embargo - usuario;5;retencion;Montos;"retención de $15.000.000, conforme reconoce en su contestación de fs. 34.

The text on the page is extremely faint and mostly illegible. Only a few scattered words and numbers are partially visible, and the majority of the content cannot be reliably transcribed. If you have another page or another document, please provide it for better results.

En consecuencia, y ante la injustificada omisión del pedido j";5461;5470;5461;5870
68;524013;Embargo - usuario;1;sobre los fondos;Datos_Embargado;sobre los fondos presentes y futuros que tenga invertidos en cuotas partes del Fondo común de inversión Mercado Fondos administrado por Mercado Pago Asset Management S.A., el demandado en autos DIEGO CISTERNA, con DNI: 26034291 a su nombre y fueran susceptibles de ser embargadas. - El embargo deberá trabarse hasta cubrir las sumas de $13.128,93 con más la suma de $4.000,00 para responder por intereses y costas. -;743;759;743;1159
68;524013;Embargo - usuario;2;hasta cubrir las sumas;Montos;"hasta cubrir las sumas de $13.128,93 con más la suma de $4.000,00 para responder por intereses y costas. - Las sumas retenidas, deberán ser depositadas en la cuenta judicial L° 0783, F° 0245. Dv 1 con CBU 02900759-00242078302457, especialmente abierta al efecto en las actuaciones citadas y a la orden del Juez interviniente, en el Banco de la Ciudad de Buenos Aires, Sucursal Tribunales, CUIT N° 30

-99903208-3.- Se encu";1053;1075;1053;1475
68;524013;Embargo - usuario;3;hasta cubrir;Montos;"hasta cubrir las sumas de $13.128,93 con más la suma de $4.000,00 para responder por intereses y costas. - Las sumas retenidas, deberán ser depositadas en la cuenta judicial L° 0783, F° 0245. Dv 1 con CBU 02900759-00242078302457, especialmente abierta al efecto en las actuaciones citadas y a la orden del Juez interviniente, en el Banco de la Ciudad de Buenos Aires, Sucursal Tribunales, CUIT N° 30

-99903208-3";1053;1065;1053;1465
68;524013;Embargo - usuario;4;deberán ser depositadas;Cuenta_depositar;"deberán ser depositadas en la cuenta judicial L° 0783, F° 0245. Dv 1 con CBU 02900759-00242078302457, especialmente abierta al efecto en las actuaciones citadas y a la orden del Juez interviniente, en el Banco de la Ciudad de Buenos Aires, Sucursal Tribunales, CUIT N° 30

-99903208-3.- Se encuentran autorizados a diligenciar el presente : Dres. Leonardo Javier Ferreiro, Miguel Angel Moreno, Pedro Cruz Santos Fontanet; F";1181;1204;1181;1604
68;524013;Embargo - usuario;5;cuenta judicial;Cuenta_depositar;"cuenta judicial L° 0783, F° 0245. Dv 1 con CBU 02900759-00242078302457, especialmente abierta al efecto en las actuaciones citadas y a la orden del Juez interviniente, en el Banco de la Ciudad de Buenos Aires, Sucursal Tribunales, CUIT N° 30

-99903208-3.- Se encuentran autorizados a diligenciar el presente : Dres. Leonardo Javier Ferreiro, Miguel Angel Moreno, Pedro Cruz Santos Fontanet; Federico G. Garcia Cabe";1211;1226;1211;1626
68;524013;Embargo - usuario;6;por la suma;Montos;por la suma de $13.128,93 con más la suma de $4.000,00 para responder por intereses y costas, sobre todo fondo que el ejecutado CISTERNA DIEGO (DNI 26.034.291) tenga invertido como cuota partes en el Fondo Común de Inversión Mercado Fondo, administrado por Mercado Pago Asset Management S.A., CUIT 33-71862856-9 por ser la nueva Agente de Colocación y Distribución Integral del Fondo Común de Inversión denomina;1965;1976;1965;2376
68;524013;Embargo - usuario;7;deberán ser depositadas;Cuenta_depositar;deberán ser depositadas en la cuenta judicial abierta en autos (L° 783 F° 245 D°1, CBU 0290075900242078302457). A efectos de su confección y libramiento, no encontrándose la oficiada en el sistema DEOX, se le hace saber al accionante que las piezas ordenadas se librarán con firma electrónica, las cuales, previa remisión del archivo pertinente en formato Word al email de la secretaría (jncomercial20.sec39.oficios@pjn.gov;2556;2579;2556;2979
68;524013;Embargo - usuario;8;cuenta judicial;Cuenta_depositar;cuenta judicial abierta en autos (L° 783 F° 245 D°1, CBU 0290075900242078302457). A efectos de su confección y libramiento, no encontrándose la oficiada en el sistema DEOX, se le hace saber al accionante que las piezas ordenadas se librarán con firma electrónica, las cuales, previa remisión del archivo pertinente en formato Word al email de la secretaría (jncomercial20.sec39.oficios@pjn.gov.ar ), podrá ser impre;2586;2601;2586;3001
69;498352;Embargo - usuario;1;disponer el embargo;Datos_Embargado;DISPONER el embargo sobre las cuentas corrientes, cajas de ahorros, plazos fijo de titularidad del Sr. José Emiliano ALVAREZ DNI 40.209.549, en concepto de cuota alimentaria provisoria, a favor de su hijo menor de edad Maximiliano Joel ALVAREZ MILLAR, D.N.I N° 53.726.347, debiéndose retener la suma de PESOS UN MILLON OCHOCIENTOS NOVENTA Y NUEVE MIL QUINIENTOS CUARENTA Y TRES CON VEINTE CENTAVOS ($ 1.899.543,20) y po;695;714;695;1114
69;498352;Embargo - usuario;2;retener la suma;Montos;"retener la suma de PESOS UN MILLON OCHOCIENTOS NOVENTA Y NUEVE MIL QUINIENTOS CUARENTA Y TRES CON VEINTE CENTAVOS ($ 1.899.543,20) y posteriormente ser transferidos y depositados en la cuenta judicial N° CUENTA 815842 CBU 0830003411008158420019, del 1° al 10 de cada mes.

El auto que ordena el oficio en lo pertinente dice:
“Sarmiento, Chubut, 19 de diciembre de 2025.-(...) RESUELVO: 1° DISPONER el embargo sobre ";979;994;979;1394
69;498352;Embargo - usuario;3;cuenta judicial;Cuenta_depositar;"cuenta judicial N° CUENTA 815842 CBU 0830003411008158420019, del 1° al 10 de cada mes.

El auto que ordena el oficio en lo pertinente dice:
“Sarmiento, Chubut, 19 de diciembre de 2025.-(...) RESUELVO: 1° DISPONER el embargo sobre las cuentas corrientes, cajas de ahorros, plazos fijos y/o billeteras virtuales de titularidad del Sr. José Emiliano ALVAREZ DNI 40.209.549, en concepto de cuota alimentaria provisoria,";1164;1179;1164;1579
69;498352;Embargo - usuario;4;disponer el embargo;Datos_Embargado;"DISPONER el embargo sobre las cuentas corrientes, cajas de ahorros, plazos fijos y/o billeteras virtuales de titularidad del Sr. José Emiliano ALVAREZ DNI 40.209.549, en concepto de cuota alimentaria provisoria, debiéndose retener la suma de PESOS UN MILLON OCHOCIENTOS NOVENTA Y NUEVE MIL QUINIENTOS

CUARENIA Y TRES CON VEINTE CENTAVOS ($ 1.899.543,20) y posteriormente ser transferidos y depositados en la cuenta jud";1368;1387;1368;1787
69;498352;Embargo - usuario;5;retener la suma;Montos;"retener la suma de PESOS UN MILLON OCHOCIENTOS NOVENTA Y NUEVE MIL QUINIENTOS

CUARENIA Y TRES CON VEINTE CENTAVOS ($ 1.899.543,20) y posteriormente ser transferidos y depositados en la cuenta judicial Nº CUENTA 815842 CBU 0830003411008158420019, del 1° al 10 de cada mes. Para hacer efectiva la medida dispuesta, libérese oficio al Banco del Chubut S.A., al Banco de la Nación Argentina S.A., Asset Management SA y";1591;1606;1591;2006
69;498352;Embargo - usuario;6;cuenta judicial;Cuenta_depositar;cuenta judicial Nº CUENTA 815842 CBU 0830003411008158420019, del 1° al 10 de cada mes. Para hacer efectiva la medida dispuesta, libérese oficio al Banco del Chubut S.A., al Banco de la Nación Argentina S.A., Asset Management SA y a “Mercado Pago” (MercadoLibre S.R.L. CUIT 30-70308853-4), como billetera virtual.- 2) La confección y diligenciamiento de los oficios ordenados, estarán a cargo de la Dra. FRANCISCO, o;1777;1792;1777;2192
69;498352;Embargo - usuario;7;cuenta judicial;Cuenta_depositar;"cuenta judicial perteneciente al expediente.”

Sin más, saluda atte.

Cinthia Ana Escudero
Secretaria de Refuerzo";3339;3354;3339;3452
70;526651;Embargo - usuario;1;proceder a embargar;Datos_Embargado;proceder a embargar las sumas de dinero, en moneda nacional o extranjera, actuales o futuras que posea o perciba la ejecutada PORCO MAIRA GABRIELA, CUIT 27313703601, DNI 31.370.360 por cualquier concepto dinerario en la plataforma de gestión electrónica o digital, CUIT: 30703088534, con domicilio fiscal en CASEROS AV. N°3039, Piso:2, CAPITAL FEDERAL y domicilio fiscal electrónico manuela.iturraspe@mercadolibre.com (;900;919;900;1319
70;526651;Embargo - usuario;2;hasta cubrir la suma;Montos;hasta cubrir la suma de PESOS: OCHOCIENTOS VEINTE MIL TRESCIENTOS VEINTISIETE CON SESENTA Y SIETE CENTAVOS- ($820.327,67), en concepto de capital reclamado, con la suma de PESOS CUATROCIENTOS DIEZ MIL ($410.000,00) que se estima en forma provisoria para responder al pago de intereses y costas. La medida deberá ser ejecutada a partir de su PRIMERA notificación (30/03/2025) Y EL PRESENTE ES REITERATORIO del diligenciad;1367;1387;1367;1787
70;526651;Embargo - usuario;3;hasta cubrir;Montos;hasta cubrir la suma de PESOS: OCHOCIENTOS VEINTE MIL TRESCIENTOS VEINTISIETE CON SESENTA Y SIETE CENTAVOS- ($820.327,67), en concepto de capital reclamado, con la suma de PESOS CUATROCIENTOS DIEZ MIL ($410.000,00) que se estima en forma provisoria para responder al pago de intereses y costas. La medida deberá ser ejecutada a partir de su PRIMERA notificación (30/03/2025) Y EL PRESENTE ES REITERATORIO del dil;1367;1379;1367;1779
70;526651;Embargo - usuario;4;cubrir la suma;Montos;cubrir la suma de PESOS: OCHOCIENTOS VEINTE MIL TRESCIENTOS VEINTISIETE CON SESENTA Y SIETE CENTAVOS- ($820.327,67), en concepto de capital reclamado, con la suma de PESOS CUATROCIENTOS DIEZ MIL ($410.000,00) que se estima en forma provisoria para responder al pago de intereses y costas. La medida deberá ser ejecutada a partir de su PRIMERA notificación (30/03/2025) Y EL PRESENTE ES REITERATORIO del diligenciad;1373;1387;1373;1787
70;526651;Embargo - usuario;5;depositar lo retenido;Cuenta_depositar;"depositar lo retenido en la cuenta de autos - abierta al efecto - CBU 0110350050099019245495 cuenta

9901924549 Banco Nación Sucursal 2350 Mar del Plata como pertenecientes a estas actuaciones y a la orden del juez.

Asimismo conforme la solicitado y lo resuelto en la resolución que funda el presente, se requiere a la oficiada: INFORME los movimientos de la cuenta EMBARGADA en Mercado Pago S.R.L., de la ejecutada PORC";2206;2227;2206;2627
70;526651;Embargo - usuario;6;medida de embargo;Datos_Embargado;"medida de embargo - 30/3/25 -, a la fecha de comunicación del requerimiento aquí ordenado, presentando también copia del movimiento de la cuenta mencionada día por día, ello en el plazo de DIEZ DIAS, bajo apercibimiento de resolver con las constancias de autos en caso de silencio NOTIFIQUESE mediante oficio (art 36 del CPCCN).

La resolución que ordena el embargo dispone: ""MAR DEL PLATA, 18 de Febrero del 2026. "".";2769;2786;2769;3186
70;526651;Embargo - usuario;7;sobre los fondos;Datos_Embargado;sobre los fondos que tuviera depositados la ejecutada PORCO MAIRA GABRIELA CUIT 27-31370360-1, PORCOMAIRA20211211162712 en su cuenta de Mercado Pago identificada en su cuenta al momento de recibir la comunicación sobre el dinero que se acredite en el futuro hasta cubrir la suma de pesos o : OCHOCIENTOS VEINTE MIL TRESCIENTOS VEINTISIETE CON SESENTA YSIETE CENTAVOS- ($820.327,67), en concepto de capital reclamado,;3856;3872;3856;4272
70;526651;Embargo - usuario;8;hasta cubrir la suma;Montos;"hasta cubrir la suma de pesos o : OCHOCIENTOS VEINTE MIL TRESCIENTOS VEINTISIETE CON SESENTA YSIETE CENTAVOS- ($820.327,67), en concepto de capital reclamado, con la suma de PESOS CUATROCIENTOS DIEZ MIL ($410.000,00).., recordando también que en dicho requerimiento se ordenó que "" La medida deberá ser ejecutada a partir de su notificación y los fondos embargados deberán retenerse por la quedando a la entidad orden de";4114;4134;4114;4534
70;526651;Embargo - usuario;9;hasta cubrir;Montos;"hasta cubrir la suma de pesos o : OCHOCIENTOS VEINTE MIL TRESCIENTOS VEINTISIETE CON SESENTA YSIETE CENTAVOS- ($820.327,67), en concepto de capital reclamado, con la suma de PESOS CUATROCIENTOS DIEZ MIL ($410.000,00).., recordando también que en dicho requerimiento se ordenó que "" La medida deberá ser ejecutada a partir de su notificación y los fondos embargados deberán retenerse por la quedando a la entidad ";4114;4126;4114;4526
70;526651;Embargo - usuario;10;cubrir la suma;Montos;"cubrir la suma de pesos o : OCHOCIENTOS VEINTE MIL TRESCIENTOS VEINTISIETE CON SESENTA YSIETE CENTAVOS- ($820.327,67), en concepto de capital reclamado, con la suma de PESOS CUATROCIENTOS DIEZ MIL ($410.000,00).., recordando también que en dicho requerimiento se ordenó que "" La medida deberá ser ejecutada a partir de su notificación y los fondos embargados deberán retenerse por la quedando a la entidad orden de";4120;4134;4120;4534
70;526651;Embargo - usuario;11;medida de embargo;Datos_Embargado;medida de embargo 30/3/25, a la fecha de comunicación del requerimiento ordenado a esa entidad precedentemente, presentando también copia del movimiento de la cuenta mencionada día por día, ello en el plazo de DIEZ DIAS, bajo apercibimiento de resolver con las constancias de autos en caso de silencio NOTIFIQUESE mediante oficio (art 36 del CPCCN). A tal fin queda autorizada la actora para realizar la comunicación ;5329;5346;5329;5746
71;531094;Embargo - usuario;1;cuentas que;Datos_Embargado;"cuentas que ""RIO URUGUAY COOPERATIVA DE SEGUROS LIMITADA"" CUIT 30500061711 posee en la oficiada, debiendo ser depositada la suma restante de CUARENTA Y OCHO MILLONES TRESCIENTOS SETENTA Y DOS MIL QUINIENTOS VEINTIDOS CON CUARENTA Y CUATRO CENTAVOS ($48.372.522,44.) embargada en la cuenta A NOMBRE DE AUTOS Y A LA ORDEN DE ESTE JUZGADO Y SECRETARIA en el BANCO DE LA PROVINCIA DE BUENOS AIRES, Sucursal Tribunal";1548;1559;1548;1959
71;531094;Embargo - usuario;2;por la suma;Montos;"por la suma de $85.508.348,97 , y que en autos solamente se encuentra depositada la suma de $37.135.826,53.- , restando aún depositarse la suma de $48.372.522,44.- embargada.-

Asimismo, se destaca que:
Con fecha 21/10/2025 MERCADO LIBRE Contestó Oficio de Embargo, informando que:
"" En cumplimiento de lo ordenado, hemos aplicado la medida ordenada sobre la cuenta del usuario con CUIT/DNI 30-50006171-1, logra";2149;2160;2149;2560
71;531094;Embargo - usuario;3;trabese embargo;Datos_Embargado;"trábese embargo sobre las cuentas que ""RIO URUGUAY COOPERATIVA DE SEGUROS LIMITADA"" CUIT 30500061711 posean en Mercado Libre, siempre y cuando se encuentre disponibles y a nombre de las mismas. A tal fin oficíese en la forma de estilo, dejándose constancia que las sumas retenidas deberán ser depositadas en una cuenta a nombre de autos y a la orden de este Juzgado y Secretaría en el Banco de la Provincia de Bueno";3496;3511;3496;3911
71;531094;Embargo - usuario;4;cuentas que;Datos_Embargado;"cuentas que ""RIO URUGUAY COOPERATIVA DE SEGUROS LIMITADA"" CUIT 30500061711 posean en Mercado Libre, siempre y cuando se encuentre disponibles y a nombre de las mismas. A tal fin oficíese en la forma de estilo, dejándose constancia que las sumas retenidas deberán ser depositadas en una cuenta a nombre de autos y a la orden de este Juzgado y Secretaría en el Banco de la Provincia de Buenos Aires, Sucursal Trib";3522;3533;3522;3933
71;531094;Embargo - usuario;5;deberán ser depositadas;Cuenta_depositar;"deberán ser depositadas en una cuenta a nombre de autos y a la orden de este Juzgado y Secretaría en el Banco de la Provincia de Buenos Aires, Sucursal Tribunales de Morón.- (.) Fdo. Dra. GRACIELA LAURA BARBIERI, JUEZ"".- OTRA : ""Morón, 23 de febrero de 2026.- (.) Atento lo solicitado y lo que surge de las constancias de autos, librese oficio a Mercado Libre a fin de que proceda a dar cumplimiento de forma total con la m";3777;3800;3777;4200
72;547369;Embargo - usuario;1;trabar embargo;Datos_Embargado;"TRABAR EMBARGO
VALOR PECUNIARIO: PESOS UN MILLÓN SETECIENTOS MIL ($1.700.000).

MERCADO PAGO ASSET MANAGEMENT S.A. CUIT 33-71862856-9
Av. Caseros 3039, Piso 2, Ciudad Autónoma de Buenos Aires
S........../...........D

Se hace saber a Ud. que en los autos caratulados: “ADMINISTRACIÓN DE BIENES Y GESTIÓN DE MORA S.A.S. C/ GOMEZ, CLAUDIO LEONARDO – EXPED. ELECTRÓNICO - EJEC. POR COBRO DE LETRAS O PAGARES – Expte. ";834;848;834;1248
72;547369;Embargo - usuario;2;trabar embargo;Datos_Embargado;"TRABAR EMBARGO sobre los fondos presentes y futuros en cuenta de “MERCADO LIBRE S.R.L.”, cuya titularidad detente el demandado Sr. GÓMEZ, CLAUDIO LEONARDO, D.N.I. 33.627.258 hasta cubrir la suma de PESOS UN MILLÓN SETECIENTOS MIL ($1.700.000).

Como recaudo de ley, se transcribe el decreto que ordena la medida: “CÓRDOBA, 07/10/2025. (...) Trábase el embargo por el monto solicitado sobre los saldos invertidos en";1501;1515;1501;1915
72;547369;Embargo - usuario;3;sobre los fondos;Datos_Embargado;"sobre los fondos presentes y futuros en cuenta de “MERCADO LIBRE S.R.L.”, cuya titularidad detente el demandado Sr. GÓMEZ, CLAUDIO LEONARDO, D.N.I. 33.627.258 hasta cubrir la suma de PESOS UN MILLÓN SETECIENTOS MIL ($1.700.000).

Como recaudo de ley, se transcribe el decreto que ordena la medida: “CÓRDOBA, 07/10/2025. (...) Trábase el embargo por el monto solicitado sobre los saldos invertidos en cuotapartes del ";1516;1532;1516;1932
72;547369;Embargo - usuario;4;hasta cubrir la suma;Montos;"hasta cubrir la suma de PESOS UN MILLÓN SETECIENTOS MIL ($1.700.000).

Como recaudo de ley, se transcribe el decreto que ordena la medida: “CÓRDOBA, 07/10/2025. (...) Trábase el embargo por el monto solicitado sobre los saldos invertidos en cuotapartes del Fondo Común de Inversión Mercado Fondo -administrado por Industrial Asset Management SASGFCI- a cuyo fin, oficíese.”— Texto Firmado digitalmente por: COLANTONIO Ma";1675;1695;1675;2095
72;547369;Embargo - usuario;5;hasta cubrir;Montos;"hasta cubrir la suma de PESOS UN MILLÓN SETECIENTOS MIL ($1.700.000).

Como recaudo de ley, se transcribe el decreto que ordena la medida: “CÓRDOBA, 07/10/2025. (...) Trábase el embargo por el monto solicitado sobre los saldos invertidos en cuotapartes del Fondo Común de Inversión Mercado Fondo -administrado por Industrial Asset Management SASGFCI- a cuyo fin, oficíese.”— Texto Firmado digitalmente por: COLAN";1675;1687;1675;2087
72;547369;Embargo - usuario;6;cubrir la suma;Montos;"cubrir la suma de PESOS UN MILLÓN SETECIENTOS MIL ($1.700.000).

Como recaudo de ley, se transcribe el decreto que ordena la medida: “CÓRDOBA, 07/10/2025. (...) Trábase el embargo por el monto solicitado sobre los saldos invertidos en cuotapartes del Fondo Común de Inversión Mercado Fondo -administrado por Industrial Asset Management SASGFCI- a cuyo fin, oficíese.”— Texto Firmado digitalmente por: COLANTONIO Ma";1681;1695;1681;2095
72;547369;Embargo - usuario;7;depositar los fondos embargados;Cuenta_depositar;"depositar los fondos embargados a la orden de este juzgado y para estos autos en el Banco de Córdoba, Sucursal Tribunales en la CUENTA:

N° Cuenta922 / 78064207 - Pesos
Expediente de la cuenta: ADMINISTRACION DE BIENES Y GESTION DE MORA S.A.S. C/ GOMEZ, CLAUDIO LEONARDO
Dependencia de la cuenta: TGA CP. UNIDAD DE EJECUCION JUEZ 47 (EX SEC GEST COMUN CP)
CBU: 0200922751000078064274

Cumplimentado, sírvase remitir lo actuado a es";2264;2295;2264;2695
73;536715;Embargo - usuario;1;trabar embargo;Datos_Embargado;TRABAR EMBARGO, ampliatorio del anterior, sobre las cuentas de las que es titular en esa entidad quién más abajo se individualiza como embargado y por el monto que también se indica. - Dicha medida fue ordenada sobre los fondos presentes y futuros que el demandado en autos ALFREDO ISMAEL LOPEZ, con DNI 27015232 tuviera a su nombre y fueran susceptibles de ser embargadas. - El embargo deberá trabarse hasta cubri;591;605;591;1005
73;536715;Embargo - usuario;2;sobre los fondos;Datos_Embargado;sobre los fondos presentes y futuros que el demandado en autos ALFREDO ISMAEL LOPEZ, con DNI 27015232 tuviera a su nombre y fueran susceptibles de ser embargadas. - El embargo deberá trabarse hasta cubrir las sumas de $12.915,89 (pesos doce mil novecientos quince con ochenta y nueve centavos) en concepto de capital reclamado, con más la de $800.000,- (pesos ochocientos mil), estimada provisoriamente para responde;802;818;802;1218
73;536715;Embargo - usuario;3;hasta cubrir las sumas;Montos;"hasta cubrir las sumas de $12.915,89 (pesos doce mil novecientos quince con ochenta y nueve centavos) en concepto de capital reclamado, con más la de $800.000,- (pesos ochocientos mil), estimada provisoriamente para responder a intereses y costas.

Dichas sumas deberán ser depositadas en la cuenta y CBU Nos.: Libro 895 Folio 330 DV. 2 - C.B.U. 02900759-00251089503304, especialmente abierta al efecto en las actuaciones ";994;1016;994;1416
73;536715;Embargo - usuario;4;hasta cubrir;Montos;"hasta cubrir las sumas de $12.915,89 (pesos doce mil novecientos quince con ochenta y nueve centavos) en concepto de capital reclamado, con más la de $800.000,- (pesos ochocientos mil), estimada provisoriamente para responder a intereses y costas.

Dichas sumas deberán ser depositadas en la cuenta y CBU Nos.: Libro 895 Folio 330 DV. 2 - C.B.U. 02900759-00251089503304, especialmente abierta al efecto en las ac";994;1006;994;1406
73;536715;Embargo - usuario;5;deberán ser depositadas;Cuenta_depositar;"deberán ser depositadas en la cuenta y CBU Nos.: Libro 895 Folio 330 DV. 2 - C.B.U. 02900759-00251089503304, especialmente abierta al efecto en las actuaciones citadas y a la orden del Juez interviniente, en el Banco de la Ciudad de Buenos Aires, Sucursal Tribunales, CUIT N° 30-99903208-3.

El auto que ordena el presente dice: ""Buenos Aires, 28 de noviembre de 2025. .... En atención a lo solicitado por la parte actora e";1256;1279;1256;1679
73;536715;Embargo - usuario;6;ampliese el embargo;Datos_Embargado;amplíese el embargo ordenado con fecha 07/02/2025, hasta cubrir la suma de $12.915,89 (pesos doce mil novecientos quince con ochenta y nueve centavos), con más la suma de $800.000,- (pesos trescientos mil) presupuestados para responder a intereses y costas, a cuyo fin librense los despachos del caso. Hágase saber al peticionante que deberá incorporar el instrumento pertinente en el registro informático de autos a fi;1710;1729;1710;2129
73;536715;Embargo - usuario;7;hasta cubrir la suma;Montos;hasta cubrir la suma de $12.915,89 (pesos doce mil novecientos quince con ochenta y nueve centavos), con más la suma de $800.000,- (pesos trescientos mil) presupuestados para responder a intereses y costas, a cuyo fin librense los despachos del caso. Hágase saber al peticionante que deberá incorporar el instrumento pertinente en el registro informático de autos a fin de que sea posteriormente confrontado, suscripto y;1761;1781;1761;2181
73;536715;Embargo - usuario;8;hasta cubrir;Montos;hasta cubrir la suma de $12.915,89 (pesos doce mil novecientos quince con ochenta y nueve centavos), con más la suma de $800.000,- (pesos trescientos mil) presupuestados para responder a intereses y costas, a cuyo fin librense los despachos del caso. Hágase saber al peticionante que deberá incorporar el instrumento pertinente en el registro informático de autos a fin de que sea posteriormente confrontado, sus;1761;1773;1761;2173
73;536715;Embargo - usuario;9;cubrir la suma;Montos;cubrir la suma de $12.915,89 (pesos doce mil novecientos quince con ochenta y nueve centavos), con más la suma de $800.000,- (pesos trescientos mil) presupuestados para responder a intereses y costas, a cuyo fin librense los despachos del caso. Hágase saber al peticionante que deberá incorporar el instrumento pertinente en el registro informático de autos a fin de que sea posteriormente confrontado, suscripto y;1767;1781;1767;2181
73;536715;Embargo - usuario;10;deberán ser depositadas;Cuenta_depositar;"deberán ser depositadas en la cuenta de autos, abierta en el Banco de la Ciudad de

Buenos Aires (2 - 023 - 230 - 895 - 330 - 2 ), CBU: 02900759-00251089503304. Fdo Dra MARIA SOLEDAD CASAZZA JUEZA SUBROGANTE -"" otro ""Buenos Aires, 11de diciembre de 2025. Aclárase la providencia del 28/11/2025 en el sentido que donde dice ""$800.000,- (pesos trescientos mil)"" debe decir ""$800.000,- (pesos ochocientos mil) . (...)
MARIA SO";2238;2261;2238;2661
74;536707;Embargo - usuario;1;sobre los fondos;Datos_Embargado;"sobre los fondos presentes y futuros que tenga invertidos en cuotas partes del Fondo común de inversión Mercado Fondos administrado por Mercado Pago Asset Management S.A , el demandado en autos JUAN CARLOS SEQUERA, con DNI 4.513.281 a su nombre y fueran susceptibles de ser embargadas. -

El embargo deberá tratarse hasta cubrir las sumas de $16.173,59 en concepto de capital reclamado con más la suma de $6.500 pres";723;739;723;1139
74;536707;Embargo - usuario;2;hasta cubrir las sumas;Montos;"hasta cubrir las sumas de $16.173,59 en concepto de capital reclamado con más la suma de $6.500 presupuestada provisoriamente para intereses y costas.-

Las sumas retenidas, deberán ser depositadas en la cuenta judicial L° 714, F° 606, Dv 4, con CBU 0290075900254071406067, especialmente abierta al efecto en las actuaciones citadas y a la orden del Juez interviniente, en el Banco de la Ciudad de Buenos Aires, Sucursal T";1039;1061;1039;1461
74;536707;Embargo - usuario;3;hasta cubrir;Montos;"hasta cubrir las sumas de $16.173,59 en concepto de capital reclamado con más la suma de $6.500 presupuestada provisoriamente para intereses y costas.-

Las sumas retenidas, deberán ser depositadas en la cuenta judicial L° 714, F° 606, Dv 4, con CBU 0290075900254071406067, especialmente abierta al efecto en las actuaciones citadas y a la orden del Juez interviniente, en el Banco de la Ciudad de Buenos Aires, ";1039;1051;1039;1451
74;536707;Embargo - usuario;4;deberán ser depositadas;Cuenta_depositar;"deberán ser depositadas en la cuenta judicial L° 714, F° 606, Dv 4, con CBU 0290075900254071406067, especialmente abierta al efecto en las actuaciones citadas y a la orden del Juez interviniente, en el Banco de la Ciudad de Buenos Aires, Sucursal Tribunales, CUIT N° 30-99903208-3.-

Se hace saber que deberá abstenerse de tratar la medida en el caso de tratarse de una cuenta corriente o caja de ahorros destinada al depós";1213;1236;1213;1636
74;536707;Embargo - usuario;5;cuenta judicial;Cuenta_depositar;"cuenta judicial L° 714, F° 606, Dv 4, con CBU 0290075900254071406067, especialmente abierta al efecto en las actuaciones citadas y a la orden del Juez interviniente, en el Banco de la Ciudad de Buenos Aires, Sucursal Tribunales, CUIT N° 30-99903208-3.-

Se hace saber que deberá abstenerse de tratar la medida en el caso de tratarse de una cuenta corriente o caja de ahorros destinada al depósito de haberes, de con";1243;1258;1243;1658
74;536707;Embargo - usuario;6;hasta cubrir;Montos;"hasta cubrir los importes de $16.173,59 en concepto de capital reclamado con más la suma de $6.500,00 presupuestada provisoriamente para intereses y costas, trábese embargo sobre los activos de titularidad del accionado en el Fondo Común de Inversión denominado ""Mercado Fondo"", a cuyo fin, librese oficio a Mercado Pago Asset Management S.A Déjese expresamente aclarado en dicho oficio que deberá abstenerse de ";2223;2235;2223;2635
74;536707;Embargo - usuario;7;trabese embargo;Datos_Embargado;"trábese embargo sobre los activos de titularidad del accionado en el Fondo Común de Inversión denominado ""Mercado Fondo"", a cuyo fin, librese oficio a Mercado Pago Asset Management S.A Déjese expresamente aclarado en dicho oficio que deberá abstenerse de tratar la medida en el caso de tratarse de una cuenta corriente o caja de ahorros destinada al depósito de haberes, de conformidad con lo dispuesto por la ley 2";2380;2395;2380;2795
74;536707;Embargo - usuario;8;deberán ser depositados;Cuenta_depositar;"deberán ser depositados en el Banco de la Ciudad de Buenos Aires, Sucursal Tribunales, como perteneciente a estos autos y a nombre del suscripto. Fdo GUILLERMO MARIO PESARESI JUEZ"".-

El presente oficio deberá ser contestado en el expediente dentro del plazo de diez días de recibido.-

Atentamente

AGUSTÍN PASSARÓN
SECRETARIO";2869;2892;2869;3196
75;547372;Embargo - usuario;1;trabar embargo;Datos_Embargado;"TRABAR EMBARGO

VALOR PECUNIARIO: PESOS QUINIENTOS CINCUENTA Y DOS MIL ($552.000).

OFICIO

MERCADO PAGO ASSET MANAGEMENT S.A. CUIT 33-71862856-9
Av. Caseros 3039, Piso 2, Ciudad Autónoma de Buenos Aires
S......./.......D

Se hace saber a Ud. que en los autos caratulados: “GESTION Y ADMINISTRACION DE INVERSIONES SAS C/ LETTERUCCI, JOSÉ LUIS – EXPED.ELECTRONICO - EJEC.POR COBRO DE LETRAS O PAGARES N° 11070457”, ";782;796;782;1196
75;547372;Embargo - usuario;2;trabar embargo;Datos_Embargado;"TRABAR EMBARGO sobre los saldos invertidos en cuotapartes del Fondo Común de Inversión Mercado Fondo -administrado por Industrial Asset Management SASGFCl, cuya titularidad detente el demandado Sr. LETTERUCCI, JOSE LUIS, D.N.I.: 29.312.586 hasta cubrir la suma de PESOS QUINIENTOS CINCUENTA Y DOS MIL ($552.000).

Para mayor recaudo, se transcribe el decreto que ordena la medida: ""CORDOBA, 07/10/2025. (...) trába";1434;1448;1434;1848
75;547372;Embargo - usuario;3;hasta cubrir la suma;Montos;"hasta cubrir la suma de PESOS QUINIENTOS CINCUENTA Y DOS MIL ($552.000).

Para mayor recaudo, se transcribe el decreto que ordena la medida: ""CORDOBA, 07/10/2025. (...) trábase el embargo por el monto solicitado sobre los saldos invertidos en cuotapartes del Fondo Común de Inversión Mercado Fondo -administrado por Industrial Asset Management SASGFCl- a cuyo fin, oficíese.-"" Texto Firmado digitalmente por: SIEBER Eleo";1674;1694;1674;2094
75;547372;Embargo - usuario;4;hasta cubrir;Montos;"hasta cubrir la suma de PESOS QUINIENTOS CINCUENTA Y DOS MIL ($552.000).

Para mayor recaudo, se transcribe el decreto que ordena la medida: ""CORDOBA, 07/10/2025. (...) trábase el embargo por el monto solicitado sobre los saldos invertidos en cuotapartes del Fondo Común de Inversión Mercado Fondo -administrado por Industrial Asset Management SASGFCl- a cuyo fin, oficíese.-"" Texto Firmado digitalmente por: SIE";1674;1686;1674;2086
75;547372;Embargo - usuario;5;cubrir la suma;Montos;"cubrir la suma de PESOS QUINIENTOS CINCUENTA Y DOS MIL ($552.000).

Para mayor recaudo, se transcribe el decreto que ordena la medida: ""CORDOBA, 07/10/2025. (...) trábase el embargo por el monto solicitado sobre los saldos invertidos en cuotapartes del Fondo Común de Inversión Mercado Fondo -administrado por Industrial Asset Management SASGFCl- a cuyo fin, oficíese.-"" Texto Firmado digitalmente por: SIEBER Eleo";1680;1694;1680;2094
75;547372;Embargo - usuario;6;depositar los fondos embargados;Cuenta_depositar;"depositar los fondos embargados a la orden de este juzgado y para estos autos en el Banco de Córdoba, Sucursal Tribunales

N° Cuenta922 / 61040809 - Pesos
Expediente de la cuenta: GESTION Y ADMINISTRACION DE INVERSIONES SAS C/ LETTERUCCI, JOSÉ LUIS
Dependencia de la cuenta: TGA CP. UNIDAD DE EJECUCION JUEZ 47

(EX SEC GEST COMUN CP)
CBU: 0200922751000061040892

Cumplimentado, sírvase remitir lo actuado a este tribunal, vía corr";2270;2301;2270;2701
76;538066;Embargo - usuario;1;cuenta judicial;Cuenta_depositar;cuenta judicial abierta a nombre de estos autos y a orden de este Juzgado, cuyos datos son, a saber: CUENTA : 2050-027-00113863/7 CBU : 0140114727205011386377CUIT : 30-70721665-0, hasta cubrir a suma de $195.888,49 (pesos ciento noventa y cinco mil ochocientos ochenta y ocho con cuarenta y nueve centavos) con más la suma de $ 293.832.73 (pesos doscientos noventa y tres mil ochocientos treinta y dos con setenta y;1682;1697;1682;2097
76;538066;Embargo - usuario;2;hasta cubrir;Montos;"hasta cubrir a suma de $195.888,49 (pesos ciento noventa y cinco mil ochocientos ochenta y ocho con cuarenta y nueve centavos) con más la suma de $ 293.832.73 (pesos doscientos noventa y tres mil ochocientos treinta y dos con setenta y tres centavos) que se presuponen para responder, prima facie, a intereses, costos y costas de la ejecución, en la proporción de ley.

El auto que ordena la presente medida, en ";1862;1874;1862;2274
76;538066;Embargo - usuario;3;sobre los fondos;Datos_Embargado;sobre los fondos existentes en la cuenta que posee el Sr. Clara Evangeline Torres. DNI 23.492.823 con la compañía Mercado Pago S.A. hasta cubrir la suma de pesos $195.888,49 (pesos ciento noventa y cinco mil ochocientos ochenta y ocho con cuarenta y nueve centavos) con más la suma de $293.832.73 (pesos doscientos noventa y tres mil ochocientos treinta y dos con setenta y tres centavos) que se presupuestan para re;2611;2627;2611;3027
76;538066;Embargo - usuario;4;hasta cubrir la suma;Montos;hasta cubrir la suma de pesos $195.888,49 (pesos ciento noventa y cinco mil ochocientos ochenta y ocho con cuarenta y nueve centavos) con más la suma de $293.832.73 (pesos doscientos noventa y tres mil ochocientos treinta y dos con setenta y tres centavos) que se presupuestan para responder a intereses y costas, dejándose constancia que las sumas retenidas deberán ser depositadas en una cuenta a nombre de autos y a l;2743;2763;2743;3163
76;538066;Embargo - usuario;5;hasta cubrir;Montos;hasta cubrir la suma de pesos $195.888,49 (pesos ciento noventa y cinco mil ochocientos ochenta y ocho con cuarenta y nueve centavos) con más la suma de $293.832.73 (pesos doscientos noventa y tres mil ochocientos treinta y dos con setenta y tres centavos) que se presupuestan para responder a intereses y costas, dejándose constancia que las sumas retenidas deberán ser depositadas en una cuenta a nombre de aut;2743;2755;2743;3155
76;538066;Embargo - usuario;6;cubrir la suma;Montos;cubrir la suma de pesos $195.888,49 (pesos ciento noventa y cinco mil ochocientos ochenta y ocho con cuarenta y nueve centavos) con más la suma de $293.832.73 (pesos doscientos noventa y tres mil ochocientos treinta y dos con setenta y tres centavos) que se presupuestan para responder a intereses y costas, dejándose constancia que las sumas retenidas deberán ser depositadas en una cuenta a nombre de autos y a l;2749;2763;2749;3163
76;538066;Embargo - usuario;7;deberán ser depositadas;Cuenta_depositar;deberán ser depositadas en una cuenta a nombre de autos y a la orden de este Juzgado en el Banco de la Provincia de Buenos Aires, Sucursal Tribunales de La Plata. (art. 533 del CPCC). A cuyo fin, ofíciese (art. 536 del CPCC y C. A7533 del BCRA).- 2- Hágase saber al letrado peticionante toda vez que la Compañía Mercado Pago no cuenta con domicilio electrónico registrado, deberá remitir dicho oficio al portal de presentac;3102;3125;3102;3525
77;536739;Embargo - usuario;1;sobre los fondos;Datos_Embargado;"sobre los fondos presentes y futuros que tenga invertidos en cuotas partes del Fondo común de inversión Mercado Fondos administrado por Mercado Pago Asset Management S.A, el demandado en autos PAULA ALEJANDRA

PILARIA, con DNI 21.594.889 a su nombre y fueran susceptibles de ser embargadas.- El embargo deberá trabarse hasta cubrir las sumas de $ 23.971,22 resultante de la liquidación aprobada en la causa, con más ";792;808;792;1208
77;536739;Embargo - usuario;2;hasta cubrir las sumas;Montos;"hasta cubrir las sumas de $ 23.971,22 resultante de la liquidación aprobada en la causa, con más la suma de $ 7.000,00 que se presupuesta para responder a nuevos intereses y costas.-

Las sumas retenidas, deberán ser depositadas en la cuenta judicial L°758, F°323, DV 8, con CBU 0290075900240075803232, especialmente abierta al efecto en las actuaciones citadas y a la orden del Juez interviniente, en el Banco de la Ciuda";1111;1133;1111;1533
77;536739;Embargo - usuario;3;hasta cubrir;Montos;"hasta cubrir las sumas de $ 23.971,22 resultante de la liquidación aprobada en la causa, con más la suma de $ 7.000,00 que se presupuesta para responder a nuevos intereses y costas.-

Las sumas retenidas, deberán ser depositadas en la cuenta judicial L°758, F°323, DV 8, con CBU 0290075900240075803232, especialmente abierta al efecto en las actuaciones citadas y a la orden del Juez interviniente, en el Banco d";1111;1123;1111;1523
77;536739;Embargo - usuario;4;deberán ser depositadas;Cuenta_depositar;"deberán ser depositadas en la cuenta judicial L°758, F°323, DV 8, con CBU 0290075900240075803232, especialmente abierta al efecto en las actuaciones citadas y a la orden del Juez interviniente, en el Banco de la Ciudad de Buenos Aires, Sucursal Tribunales, CUIT Nº 30-99903208-3.-

Se encuentran autorizados a diligenciar el presente: Dres. Leonardo Javier Ferreiro, Miguel Angel Moreno, Pedro Cruz Santos Fontanet; Federic";1316;1339;1316;1739
77;536739;Embargo - usuario;5;cuenta judicial;Cuenta_depositar;"cuenta judicial L°758, F°323, DV 8, con CBU 0290075900240075803232, especialmente abierta al efecto en las actuaciones citadas y a la orden del Juez interviniente, en el Banco de la Ciudad de Buenos Aires, Sucursal Tribunales, CUIT Nº 30-99903208-3.-

Se encuentran autorizados a diligenciar el presente: Dres. Leonardo Javier Ferreiro, Miguel Angel Moreno, Pedro Cruz Santos Fontanet; Federico G. Garcia Cabello, S";1346;1361;1346;1761
77;536739;Embargo - usuario;6;trabese embargo;Datos_Embargado;"trábese embargo hasta cubrir la suma de $ 23.971,22 resultante de la liquidación aprobada en la causa, con más la suma de $ 7.000,00 que se presupuesta para responder a nuevos intereses y costas, sobre las sumas que la accionada tenga invertidas en cuota partes del Fondo común de inversión Mercado Fondos administrado por Mercado Pago Asset Management S.A., y que fueran susceptibles de ser embargadas, a

cuyo fin";2102;2117;2102;2517
77;536739;Embargo - usuario;7;hasta cubrir la suma;Montos;"hasta cubrir la suma de $ 23.971,22 resultante de la liquidación aprobada en la causa, con más la suma de $ 7.000,00 que se presupuesta para responder a nuevos intereses y costas, sobre las sumas que la accionada tenga invertidas en cuota partes del Fondo común de inversión Mercado Fondos administrado por Mercado Pago Asset Management S.A., y que fueran susceptibles de ser embargadas, a

cuyo fin librese oficio. Déje";2118;2138;2118;2538
77;536739;Embargo - usuario;8;hasta cubrir;Montos;"hasta cubrir la suma de $ 23.971,22 resultante de la liquidación aprobada en la causa, con más la suma de $ 7.000,00 que se presupuesta para responder a nuevos intereses y costas, sobre las sumas que la accionada tenga invertidas en cuota partes del Fondo común de inversión Mercado Fondos administrado por Mercado Pago Asset Management S.A., y que fueran susceptibles de ser embargadas, a

cuyo fin librese ofic";2118;2130;2118;2530
77;536739;Embargo - usuario;9;cubrir la suma;Montos;"cubrir la suma de $ 23.971,22 resultante de la liquidación aprobada en la causa, con más la suma de $ 7.000,00 que se presupuesta para responder a nuevos intereses y costas, sobre las sumas que la accionada tenga invertidas en cuota partes del Fondo común de inversión Mercado Fondos administrado por Mercado Pago Asset Management S.A., y que fueran susceptibles de ser embargadas, a

cuyo fin librese oficio. Déje";2124;2138;2124;2538
77;536739;Embargo - usuario;10;deberán ser depositadas;Cuenta_depositar;"deberán ser depositadas en la cuenta abierta a nombre de estos actuados en el Banco de la Ciudad de Buenos Aires, Sucursal Tribunales, cuyos datos deberán consignarse. Fdo Dr GERARDO D. SANTICCHIA. JUEZ"".-

El presente oficio deberá ser contestado en el expediente dentro del plazo de diez días de recibido.

Atentamente

M. CAROLINA LORENZO DURAN
SECRETARIA

RECEBIDO";2600;2623;2600;2968
78;546238;Embargo - usuario;1;sobre los fondos;Datos_Embargado;"sobre los fondos presentes y futuros que tenga invertidos en cuotas partes del Fondo común de inversión Mercado Fondos administrado por Mercado Pago Asset Management S.A., el demandado en autos, con a su nombre y fueran susceptibles de ser embargadas.

El embargo deberá trabarse hasta cubrir las sumas de $12.618,44, con más la suma de $ 9.000,00 que se presupuesta provisionalmente para respondera intereses y cost";1019;1035;1019;1435
78;546238;Embargo - usuario;2;hasta cubrir las sumas;Montos;"hasta cubrir las sumas de $12.618,44, con más la suma de $ 9.000,00 que se presupuesta provisionalmente para respondera intereses y costas.

Las sumas retenidas, deberán ser depositadas en la cuenta judicial L°770, F° 861, Dv 0, con CBU 02900759-00206077008617, especialmente abierta al efecto en las actuaciones citadas y a la orden del Juez interviniente, en el Banco de la Ciudad de Buenos Aires, Sucursal Tribunales, C";1299;1321;1299;1721
78;546238;Embargo - usuario;3;hasta cubrir;Montos;"hasta cubrir las sumas de $12.618,44, con más la suma de $ 9.000,00 que se presupuesta provisionalmente para respondera intereses y costas.

Las sumas retenidas, deberán ser depositadas en la cuenta judicial L°770, F° 861, Dv 0, con CBU 02900759-00206077008617, especialmente abierta al efecto en las actuaciones citadas y a la orden del Juez interviniente, en el Banco de la Ciudad de Buenos Aires, Sucursal Tri";1299;1311;1299;1711
78;546238;Embargo - usuario;4;deberán ser depositadas;Cuenta_depositar;"deberán ser depositadas en la cuenta judicial L°770, F° 861, Dv 0, con CBU 02900759-00206077008617, especialmente abierta al efecto en las actuaciones citadas y a la orden del Juez interviniente, en el Banco de la Ciudad de Buenos Aires, Sucursal Tribunales, CUIT N°30-99903208-3.

Se encuentran autorizados a diligenciar el presente: Dres. Leonardo Javier Ferreiro, Miguel Angel Moreno, Pedro Cruz Santos Fontanet;

Poder ";1461;1484;1461;1884
78;546238;Embargo - usuario;5;cuenta judicial;Cuenta_depositar;"cuenta judicial L°770, F° 861, Dv 0, con CBU 02900759-00206077008617, especialmente abierta al efecto en las actuaciones citadas y a la orden del Juez interviniente, en el Banco de la Ciudad de Buenos Aires, Sucursal Tribunales, CUIT N°30-99903208-3.

Se encuentran autorizados a diligenciar el presente: Dres. Leonardo Javier Ferreiro, Miguel Angel Moreno, Pedro Cruz Santos Fontanet;

Poder Judicial de la Nación
";1491;1506;1491;1906
78;546238;Embargo - usuario;6;por la suma;Montos;por la suma de $12.618,44, con más la suma de $ 9.000,00 que se presupuesta provisionalmente para responder a intereses y costas, trábese el embargo solicitado sobre la cuota parte del Fondo común de inversión Mercado Fondos que posea el demandado LOPEZ CARLOS PASCUAL (DNI 7.759.088). A tal fin, librese oficio a Mercado Pago Asset Management S.A., CUIT 33-71862856-9, dejándose constancia que el importe que r;2258;2269;2258;2669
79;513482;Embargo - usuario;1;por la suma;Montos;"por la suma de DOLARES VEINTISEIS MIL DOSCIENTOS CINCUENTA CON 0/100 US$ 26.250 , con más la suma de DOLARES CINCO MIL DOSCIENTOS CINCUENTA CON 0/100 US$ 5.250 , que se presupuestan para responder a intereses, costos y costas, o su equivalente en pesos, debiendo ser tomado al momento del embargo el valor del dólar oficial para ser efectivizada la transferencia en pesos; ello sobre los fondos que los demandad";1670;1681;1670;2081
79;513482;Embargo - usuario;2;sobre los fondos;Datos_Embargado;"sobre los fondos que los demandados Sonia Raquel Bobadilla (CUIL: 23-14564727-4) y AGUSTIN MARIANO PEROSIO (DNI 16.893.287 / CUIL 20-16893287-2) posean por operaciones a través de su billetera virtual, fondos de inversión y/o depósitos efectuados por terceros, en el presente o en el futuro en la entidad MERCADO LIBRE SRL, en razón de ser el responsable de la billetera virtual ""Mercadopago"", como así también al Fo";2048;2064;2048;2464
79;513482;Embargo - usuario;3;deberán ser depositadas;Cuenta_depositar;"deberán ser depositadas en una cuenta a nombre de autos y a la orden de este Juzgado y Secretaría en el Banco de la Provincia de Buenos Aires, Sucursal Tribunales de San Isidro.-

A tales efectos se denuncian los siguientes datos de la cuenta donde se deberán depositar las sumas embargas:
CUENTA: 5099-5079529 , Sucursal : (5099) TRIBUNALES SAN ISIDRO, CBU: 0140136927509950795297, CUIT del Banco Provincia 30-99913926-0
S";2687;2710;2687;3110
79;513482;Embargo - usuario;4;hasta cubrir;Montos;hasta cubrir el importe de la suma de DOLARES VEINTISEIS MIL DOSCIENTOS CINCUENTA CON 0/100 US$ 26.250 , con más la suma de DOLARES CINCO MIL DOSCIENTOS CINCUENTA CON 0/100 US$ 5.250 , que se presupuestan para responder a intereses, costos y costas, trátese embargo sobre los fondos que el demandado posea por operaciones a través de su billeteira virtual, fondos de inversión y/o depósitos efectuados por tercer;3332;3344;3332;3744
79;513482;Embargo - usuario;5;sobre los fondos;Datos_Embargado;"sobre los fondos que el demandado posea por operaciones a través de su billeteira virtual, fondos de inversión y/o depósitos efectuados por terceros, en el presente o en el futuro en la entidad MERCADO LIBRE SRL. en razón de ser el responsable de la billeteira virtual ""Mercadopago"", , como así también al Fondo Común de Inversión Mercado Fondo administrado por Industrial Asset Management SASGFCI - invertido en cuo";3598;3614;3598;4014
79;513482;Embargo - usuario;6;deberán ser depositadas;Cuenta_depositar;"deberán ser depositadas en una cuenta a nombre de autos y a la orden de este Juzgado y Secretaría en el Banco de la Provincia de Buenos Aires, Sucursal Tribunales de San Isidro.-A los fines del libramiento de la pieza deberá considerarse el valor del dolar oficial para ser efectivizada en pesos.- Fdo PADRONES María Cecilia. JUEZA ""; ""San Isidro 23 de diciembre de 2025. Téngase presente lo manifestado, y en consecuencia ";4166;4189;4166;4589
80;536728;Embargo - usuario;1;hasta cubrir la suma;Montos;hasta cubrir la suma de PESOS TRESCIENTOS SESENTA MIL CON 0/100 ($ 360.000), que se estiman suficientes a la fecha para responder a capital, intereses y costas del juicio. Las sumas embargadas deberán ser depositadas en la cuenta judicial N° 0237977. CBU CUENTA JUDICIAL: 0140482527659859237979. CUIT PODER JUDICIAL: 30-7011665-0, abierta en el Banco de la Provincia de Buenos Aires, Sucursal Tribunales de San Nicolás, ;1499;1519;1499;1919
80;536728;Embargo - usuario;2;hasta cubrir;Montos;hasta cubrir la suma de PESOS TRESCIENTOS SESENTA MIL CON 0/100 ($ 360.000), que se estiman suficientes a la fecha para responder a capital, intereses y costas del juicio. Las sumas embargadas deberán ser depositadas en la cuenta judicial N° 0237977. CBU CUENTA JUDICIAL: 0140482527659859237979. CUIT PODER JUDICIAL: 30-7011665-0, abierta en el Banco de la Provincia de Buenos Aires, Sucursal Tribunales de San N;1499;1511;1499;1911
80;536728;Embargo - usuario;3;cubrir la suma;Montos;cubrir la suma de PESOS TRESCIENTOS SESENTA MIL CON 0/100 ($ 360.000), que se estiman suficientes a la fecha para responder a capital, intereses y costas del juicio. Las sumas embargadas deberán ser depositadas en la cuenta judicial N° 0237977. CBU CUENTA JUDICIAL: 0140482527659859237979. CUIT PODER JUDICIAL: 30-7011665-0, abierta en el Banco de la Provincia de Buenos Aires, Sucursal Tribunales de San Nicolás, ;1505;1519;1505;1919
80;536728;Embargo - usuario;4;deberán ser depositadas;Cuenta_depositar;deberán ser depositadas en la cuenta judicial N° 0237977. CBU CUENTA JUDICIAL: 0140482527659859237979. CUIT PODER JUDICIAL: 30-7011665-0, abierta en el Banco de la Provincia de Buenos Aires, Sucursal Tribunales de San Nicolás, a nombre de estos autos y orden del proveyente.- Se hace saber que deberá abstenerse de ejecutar la presente medida en el caso de que los depósitos correspondan a “Cuentas Sueldo”. Como recaudo, t;1692;1715;1692;2115
80;536728;Embargo - usuario;5;cuenta judicial;Cuenta_depositar;cuenta judicial N° 0237977. CBU CUENTA JUDICIAL: 0140482527659859237979. CUIT PODER JUDICIAL: 30-7011665-0, abierta en el Banco de la Provincia de Buenos Aires, Sucursal Tribunales de San Nicolás, a nombre de estos autos y orden del proveyente.- Se hace saber que deberá abstenerse de ejecutar la presente medida en el caso de que los depósitos correspondan a “Cuentas Sueldo”. Como recaudo, transcribo a continuaci;1722;1737;1722;2137
80;536728;Embargo - usuario;6;cuenta judicial;Cuenta_depositar;CUENTA JUDICIAL: 0140482527659859237979. CUIT PODER JUDICIAL: 30-7011665-0, abierta en el Banco de la Provincia de Buenos Aires, Sucursal Tribunales de San Nicolás, a nombre de estos autos y orden del proveyente.- Se hace saber que deberá abstenerse de ejecutar la presente medida en el caso de que los depósitos correspondan a “Cuentas Sueldo”. Como recaudo, transcribo a continuación la providencia que ordena la ;1754;1769;1754;2169
80;536728;Embargo - usuario;7;decrétase embargo;Datos_Embargado;decretáse embargo, hasta cubrir la suma de PESOS TRESCIENTOS SESENTA MIL CON 0/100 ($ 360.000), que se estiman suficientes a la fecha para responder a capital, intereses y costas del juicio, sobre las cantidades presentes o futuras que la ejecutada tenga depositadas en la billetera virtual MERCADO PAGO A. Dichas sumas deberán depositarse en la cuenta judicial del Banco de la Provincia de Buenos Aires, sucursal Tri;2298;2315;2298;2715
80;536728;Embargo - usuario;8;hasta cubrir la suma;Montos;hasta cubrir la suma de PESOS TRESCIENTOS SESENTA MIL CON 0/100 ($ 360.000), que se estiman suficientes a la fecha para responder a capital, intereses y costas del juicio, sobre las cantidades presentes o futuras que la ejecutada tenga depositadas en la billetera virtual MERCADO PAGO A. Dichas sumas deberán depositarse en la cuenta judicial del Banco de la Provincia de Buenos Aires, sucursal Tribunales, que se abrirá;2317;2337;2317;2737
80;536728;Embargo - usuario;9;hasta cubrir;Montos;hasta cubrir la suma de PESOS TRESCIENTOS SESENTA MIL CON 0/100 ($ 360.000), que se estiman suficientes a la fecha para responder a capital, intereses y costas del juicio, sobre las cantidades presentes o futuras que la ejecutada tenga depositadas en la billetera virtual MERCADO PAGO A. Dichas sumas deberán depositarse en la cuenta judicial del Banco de la Provincia de Buenos Aires, sucursal Tribunales, que s;2317;2329;2317;2729
80;536728;Embargo - usuario;10;cubrir la suma;Montos;cubrir la suma de PESOS TRESCIENTOS SESENTA MIL CON 0/100 ($ 360.000), que se estiman suficientes a la fecha para responder a capital, intereses y costas del juicio, sobre las cantidades presentes o futuras que la ejecutada tenga depositadas en la billetera virtual MERCADO PAGO A. Dichas sumas deberán depositarse en la cuenta judicial del Banco de la Provincia de Buenos Aires, sucursal Tribunales, que se abrirá;2323;2337;2323;2737
80;536728;Embargo - usuario;11;deberán depositarse;Cuenta_depositar;deberán depositarse en la cuenta judicial del Banco de la Provincia de Buenos Aires, sucursal Tribunales, que se abrirá a nombre de autos y orden del proveyente. Para su cumplimiento, ofíciese a la entidad referida haciéndole saber que deberá abstenerse de ejecutar la presente medida en el caso de que los depósitos correspondan a “Cuentas Sueldo”. ... FERNANDO A. ENGHLMAYER JUEZ EN LO CIVIL Y COMERCIAL” Se deja cons;2618;2637;2618;3037
80;536728;Embargo - usuario;12;depositarse en la cuenta;Cuenta_depositar;depositarse en la cuenta judicial del Banco de la Provincia de Buenos Aires, sucursal Tribunales, que se abrirá a nombre de autos y orden del proveyente. Para su cumplimiento, ofíciese a la entidad referida haciéndole saber que deberá abstenerse de ejecutar la presente medida en el caso de que los depósitos correspondan a “Cuentas Sueldo”. ... FERNANDO A. ENGHLMAYER JUEZ EN LO CIVIL Y COMERCIAL” Se deja constancia que el;2626;2650;2626;3050
80;536728;Embargo - usuario;13;cuenta judicial;Cuenta_depositar;cuenta judicial del Banco de la Provincia de Buenos Aires, sucursal Tribunales, que se abrirá a nombre de autos y orden del proveyente. Para su cumplimiento, ofíciese a la entidad referida haciéndole saber que deberá abstenerse de ejecutar la presente medida en el caso de que los depósitos correspondan a “Cuentas Sueldo”. ... FERNANDO A. ENGHLMAYER JUEZ EN LO CIVIL Y COMERCIAL” Se deja constancia que el presente;2644;2659;2644;3059
